Date,Close
2006-05-05,50.1
2006-05-08,49.13
2006-05-09,48.71
2006-05-10,49.04
2006-05-11,47.67
2006-05-12,46.98
2006-05-15,45.76
2006-05-16,45.82
2006-05-17,44.61
2006-05-18,44.99
2006-05-19,44.64
2006-05-22,43.74
2006-05-23,43.62
2006-05-24,44.81
2006-05-25,44.23
2006-05-26,44.5
2006-05-30,43.48
2006-05-31,42.74
2006-06-01,43.38
2006-06-02,42.86
2006-06-05,40.85
2006-06-06,39.39
2006-06-07,39.2
2006-06-08,39.06
2006-06-09,39.49
2006-06-12,38.08
2006-06-13,37.55
2006-06-14,37.53
2006-06-15,39.59
2006-06-16,39.08
2006-06-19,38.19
2006-06-20,37.72
2006-06-21,39.02
2006-06-22,38.6
2006-06-23,38.89
2006-06-26,39.63
2006-06-27,38.61
2006-06-28,38.6
2006-06-29,39.78
2006-06-30,39.37
2006-07-03,39.27
2006-07-05,38.64
2006-07-06,38.63
2006-07-07,38.43
2006-07-10,38.18
2006-07-11,37.53
2006-07-12,36.62
2006-07-13,35.83
2006-07-14,34.5
2006-07-17,33.94
2006-07-18,33.17
2006-07-19,34.89
2006-07-20,33.41
2006-07-21,33.42
2006-07-24,34.62
2006-07-25,35.12
2006-07-26,35.13
2006-07-27,34.21
2006-07-28,35.29
2006-07-31,35.04
2006-08-01,34.99
2006-08-02,35.27
2006-08-03,36.83
2006-08-04,36.75
2006-08-07,37.15
2006-08-08,35.64
2006-08-09,34.1
2006-08-10,34.21
2006-08-11,33.43
2006-08-14,33.0
2006-08-15,34.06
2006-08-16,35.6
2006-08-17,35.9
2006-08-18,35.91
2006-08-21,34.97
2006-08-22,35.16
2006-08-23,34.14
2006-08-24,34.57
2006-08-25,34.76
2006-08-28,35.36
2006-08-29,35.47
2006-08-30,35.32
2006-08-31,35.8
2006-09-01,35.83
2006-09-05,35.36
2006-09-06,34.11
2006-09-07,34.5
2006-09-08,34.64
2006-09-11,35.21
2006-09-12,37.28
2006-09-13,37.1
2006-09-14,37.1
2006-09-15,38.0
2006-09-18,38.17
2006-09-19,37.53
2006-09-20,37.23
2006-09-21,36.49
2006-09-22,37.12
2006-09-25,38.46
2006-09-26,38.92
2006-09-27,38.01
2006-09-28,37.86
2006-09-29,37.0
2006-10-02,37.28
2006-10-03,37.0
2006-10-04,37.79
2006-10-05,37.74
2006-10-06,37.53
2006-10-09,38.43
2006-10-10,39.46
2006-10-11,39.04
2006-10-12,40.07
2006-10-13,38.78
2006-10-16,39.09
2006-10-17,38.38
2006-10-18,38.16
2006-10-19,38.52
2006-10-20,38.23
2006-10-23,37.73
2006-10-24,38.34
2006-10-25,39.37
2006-10-26,40.14
2006-10-27,39.19
2006-10-30,39.25
2006-10-31,38.89
2006-11-01,38.32
2006-11-02,38.09
2006-11-03,37.56
2006-11-06,37.62
2006-11-07,36.68
2006-11-08,36.59
2006-11-09,35.89
2006-11-10,37.23
2006-11-13,37.08
2006-11-14,39.2
2006-11-15,39.5
2006-11-16,40.05
2006-11-17,40.01
2006-11-20,39.53
2006-11-21,40.06
2006-11-22,40.76
2006-11-24,40.58
2006-11-27,39.64
2006-11-28,39.54
2006-11-29,39.87
2006-11-30,42.01
2006-12-01,42.23
2006-12-04,42.17
2006-12-05,43.35
2006-12-06,44.0
2006-12-07,43.05
2006-12-08,42.2
2006-12-11,42.54
2006-12-12,42.05
2006-12-13,42.27
2006-12-14,42.39
2006-12-15,42.4
2006-12-18,42.0
2006-12-19,41.49
2006-12-20,41.59
2006-12-21,41.39
2006-12-22,41.12
2006-12-26,41.58
2006-12-27,42.42
2006-12-28,42.42
2006-12-29,42.37
2007-01-03,41.18
2007-01-04,40.79
2007-01-05,40.38
2007-01-08,39.54
2007-01-09,39.61
2007-01-10,39.63
2007-01-11,40.18
2007-01-12,40.44
2007-01-16,40.29
2007-01-17,40.98
2007-01-18,41.0
2007-01-19,41.58
2007-01-22,41.3
2007-01-23,41.96
2007-01-24,42.46
2007-01-25,41.03
2007-01-26,40.57
2007-01-29,40.71
2007-01-30,40.73
2007-01-31,42.66
2007-02-01,43.05
2007-02-02,44.46
2007-02-05,43.81
2007-02-06,43.82
2007-02-07,43.71
2007-02-08,42.58
2007-02-09,41.64
2007-02-12,41.3
2007-02-13,41.72
2007-02-14,42.17
2007-02-15,42.47
2007-02-16,42.41
2007-02-20,42.44
2007-02-21,42.08
2007-02-22,41.42
2007-02-23,40.61
2007-02-26,40.82
2007-02-27,39.47
2007-02-28,38.85
2007-03-01,39.02
2007-03-02,38.12
2007-03-05,36.34
2007-03-06,37.09
2007-03-07,37.2
2007-03-08,37.69
2007-03-09,37.41
2007-03-12,36.2
2007-03-13,34.82
2007-03-14,35.91
2007-03-15,36.43
2007-03-16,36.21
2007-03-19,36.41
2007-03-20,36.25
2007-03-21,37.57
2007-03-22,37.07
2007-03-23,36.82
2007-03-26,36.07
2007-03-27,35.49
2007-03-28,34.5
2007-03-29,34.49
2007-03-30,34.15
2007-04-02,33.75
2007-04-03,34.36
2007-04-04,34.02
2007-04-05,34.51
2007-04-09,34.59
2007-04-10,34.44
2007-04-11,33.99
2007-04-12,34.82
2007-04-13,34.47
2007-04-16,35.07
2007-04-17,35.57
2007-04-18,36.34
2007-04-19,36.08
2007-04-20,37.06
2007-04-23,36.51
2007-04-24,36.53
2007-04-25,36.54
2007-04-26,38.08
2007-04-27,37.07
2007-04-30,36.15
2007-05-01,36.51
2007-05-02,36.81
2007-05-03,37.03
2007-05-04,36.26
2007-05-07,36.11
2007-05-08,36.36
2007-05-09,36.48
2007-05-10,35.62
2007-05-11,35.76
2007-05-14,35.59
2007-05-15,35.26
2007-05-16,35.62
2007-05-17,36.3
2007-05-18,36.15
2007-05-21,36.7
2007-05-22,37.95
2007-05-23,37.7
2007-05-24,37.54
2007-05-25,37.33
2007-05-29,37.37
2007-05-30,37.45
2007-05-31,37.24
2007-06-01,36.7
2007-06-04,37.29
2007-06-05,36.68
2007-06-06,35.85
2007-06-07,34.41
2007-06-08,35.32
2007-06-11,34.75
2007-06-12,33.82
2007-06-13,34.11
2007-06-14,34.19
2007-06-15,34.28
2007-06-18,33.9
2007-06-19,33.96
2007-06-20,33.38
2007-06-21,33.45
2007-06-22,32.93
2007-06-25,32.34
2007-06-26,31.6
2007-06-27,32.41
2007-06-28,31.75
2007-06-29,31.31
2007-07-02,31.25
2007-07-03,30.92
2007-07-05,30.83
2007-07-06,31.73
2007-07-09,31.06
2007-07-10,30.08
2007-07-11,30.18
2007-07-12,30.61
2007-07-13,31.8
2007-07-16,31.36
2007-07-17,31.05
2007-07-18,31.0
2007-07-19,31.2
2007-07-20,30.46
2007-07-23,29.44
2007-07-24,28.24
2007-07-25,28.12
2007-07-26,27.25
2007-07-27,27.07
2007-07-30,27.13
2007-07-31,26.56
2007-08-01,26.07
2007-08-02,26.83
2007-08-03,25.15
2007-08-06,25.19
2007-08-07,26.56
2007-08-08,28.55
2007-08-09,28.72
2007-08-10,27.4
2007-08-13,25.77
2007-08-14,24.75
2007-08-15,23.68
2007-08-16,24.39
2007-08-17,24.93
2007-08-20,24.61
2007-08-21,24.47
2007-08-22,24.64
2007-08-23,24.36
2007-08-24,24.5
2007-08-27,23.62
2007-08-28,22.51
2007-08-29,23.11
2007-08-30,23.06
2007-08-31,23.64
2007-09-04,24.15
2007-09-05,23.02
2007-09-06,22.83
2007-09-07,21.99
2007-09-10,21.57
2007-09-11,21.55
2007-09-12,21.38
2007-09-13,21.48
2007-09-14,22.08
2007-09-17,22.4
2007-09-18,23.94
2007-09-19,23.48
2007-09-20,22.42
2007-09-21,22.4
2007-09-24,21.3
2007-09-25,20.48
2007-09-26,19.9
2007-09-27,20.15
2007-09-28,19.87
2007-10-01,20.75
2007-10-02,21.86
2007-10-03,22.52
2007-10-04,22.0
2007-10-05,22.78
2007-10-08,21.86
2007-10-09,21.97
2007-10-10,22.16
2007-10-11,22.32
2007-10-12,21.72
2007-10-15,20.8
2007-10-16,19.99
2007-10-17,19.75
2007-10-18,19.58
2007-10-19,19.4
2007-10-22,20.37
2007-10-23,20.26
2007-10-24,20.56
2007-10-25,20.7
2007-10-26,21.51
2007-10-29,21.28
2007-10-30,21.43
2007-10-31,20.89
2007-11-01,19.91
2007-11-02,19.71
2007-11-05,19.53
2007-11-06,19.96
2007-11-07,19.2
2007-11-08,18.95
2007-11-09,19.09
2007-11-12,19.12
2007-11-13,19.91
2007-11-14,19.7
2007-11-15,19.18
2007-11-16,18.71
2007-11-19,17.84
2007-11-20,17.21
2007-11-21,16.42
2007-11-23,16.9
2007-11-26,15.7
2007-11-27,15.61
2007-11-28,16.56
2007-11-29,16.28
2007-11-30,17.15
2007-12-03,17.12
2007-12-04,16.7
2007-12-05,17.13
2007-12-06,19.12
2007-12-07,19.0
2007-12-10,19.84
2007-12-11,18.1
2007-12-12,18.04
2007-12-13,18.14
2007-12-14,17.88
2007-12-17,17.5
2007-12-18,17.97
2007-12-19,17.83
2007-12-20,17.74
2007-12-21,18.1
2007-12-24,18.42
2007-12-26,18.3
2007-12-27,17.62
2007-12-28,17.25
2007-12-31,17.63
2008-01-02,16.94
2008-01-03,16.24
2008-01-04,15.3
2008-01-07,15.13
2008-01-08,14.27
2008-01-09,14.03
2008-01-10,14.6
2008-01-11,14.46
2008-01-14,14.95
2008-01-15,14.18
2008-01-16,14.69
2008-01-17,14.87
2008-01-18,14.9
2008-01-22,15.84
2008-01-23,17.98
2008-01-24,18.09
2008-01-25,17.99
2008-01-28,19.03
2008-01-29,19.93
2008-01-30,18.95
2008-01-31,20.92
2008-02-01,21.57
2008-02-04,20.26
2008-02-05,19.7
2008-02-06,19.06
2008-02-07,19.11
2008-02-08,18.85
2008-02-11,19.24
2008-02-12,19.09
2008-02-13,19.52
2008-02-14,18.97
2008-02-15,18.2
2008-02-19,18.35
2008-02-20,19.14
2008-02-21,18.63
2008-02-22,18.65
2008-02-25,19.33
2008-02-26,20.57
2008-02-27,20.86
2008-02-28,19.79
2008-02-29,18.5
2008-03-03,17.71
2008-03-04,18.21
2008-03-05,18.1
2008-03-06,16.97
2008-03-07,16.77
2008-03-10,16.33
2008-03-11,17.75
2008-03-12,17.17
2008-03-13,18.38
2008-03-14,17.64
2008-03-17,17.12
2008-03-18,18.65
2008-03-19,18.65
2008-03-20,19.87
2008-03-24,21.03
2008-03-25,20.95
2008-03-26,19.54
2008-03-27,19.91
2008-03-28,19.43
2008-03-31,20.09
2008-04-01,20.99
2008-04-02,21.68
2008-04-03,22.37
2008-04-04,22.11
2008-04-07,22.04
2008-04-08,21.29
2008-04-09,20.21
2008-04-10,20.86
2008-04-11,20.37
2008-04-14,19.76
2008-04-15,20.18
2008-04-16,21.1
2008-04-17,20.92
2008-04-18,21.09
2008-04-21,20.82
2008-04-22,20.36
2008-04-23,19.74
2008-04-24,20.64
2008-04-25,20.73
2008-04-28,21.21
2008-04-29,21.01
2008-04-30,20.14
2008-05-01,20.89
2008-05-02,20.64
2008-05-05,20.66
2008-05-06,20.97
2008-05-07,20.0
2008-05-08,19.13
2008-05-09,18.86
2008-05-12,18.87
2008-05-13,18.81
2008-05-14,19.25
2008-05-15,19.68
2008-05-16,19.45
2008-05-19,18.92
2008-05-20,18.27
2008-05-21,17.51
2008-05-22,17.34
2008-05-23,17.01
2008-05-27,17.56
2008-05-28,17.43
2008-05-29,17.48
2008-05-30,17.27
2008-06-02,16.99
2008-06-03,17.61
2008-06-04,17.41
2008-06-05,17.31
2008-06-06,16.37
2008-06-09,15.95
2008-06-10,16.14
2008-06-11,15.08
2008-06-12,15.33
2008-06-13,15.84
2008-06-16,16.1
2008-06-17,15.7
2008-06-18,15.85
2008-06-19,16.27
2008-06-20,15.71
2008-06-23,15.18
2008-06-24,15.41
2008-06-25,15.46
2008-06-26,14.84
2008-06-27,14.77
2008-06-30,14.3
2008-07-01,14.25
2008-07-02,13.82
2008-07-03,13.79
2008-07-07,13.22
2008-07-08,14.37
2008-07-09,13.32
2008-07-10,12.93
2008-07-11,12.68
2008-07-14,12.81
2008-07-15,12.94
2008-07-16,14.05
2008-07-17,14.7
2008-07-18,14.61
2008-07-21,14.68
2008-07-22,15.86
2008-07-23,16.48
2008-07-24,14.94
2008-07-25,15.14
2008-07-28,14.43
2008-07-29,15.37
2008-07-30,15.35
2008-07-31,15.45
2008-08-01,15.32
2008-08-04,14.96
2008-08-05,15.3
2008-08-06,15.45
2008-08-07,15.27
2008-08-08,16.15
2008-08-11,16.45
2008-08-12,15.57
2008-08-13,15.41
2008-08-14,15.92
2008-08-15,16.18
2008-08-18,15.44
2008-08-19,14.94
2008-08-20,15.3
2008-08-21,15.79
2008-08-22,16.1
2008-08-25,15.31
2008-08-26,14.77
2008-08-27,15.49
2008-08-28,16.4
2008-08-29,16.53
2008-09-02,16.81
2008-09-03,16.93
2008-09-04,16.1
2008-09-05,16.61
2008-09-08,18.19
2008-09-09,16.93
2008-09-10,17.48
2008-09-11,17.99
2008-09-12,18.06
2008-09-15,17.21
2008-09-16,17.78
2008-09-17,16.46
2008-09-18,18.26
2008-09-19,19.75
2008-09-22,17.73
2008-09-23,17.21
2008-09-24,17.85
2008-09-25,18.51
2008-09-26,18.93
2008-09-29,16.87
2008-09-30,17.96
2008-10-01,18.15
2008-10-02,17.06
2008-10-03,16.19
2008-10-06,15.31
2008-10-07,13.81
2008-10-08,13.89
2008-10-09,12.76
2008-10-10,13.4
2008-10-13,13.65
2008-10-14,13.46
2008-10-15,12.15
2008-10-16,12.71
2008-10-17,12.39
2008-10-20,13.11
2008-10-21,12.65
2008-10-22,12.0
2008-10-23,10.83
2008-10-24,10.35
2008-10-27,9.94
2008-10-28,10.27
2008-10-29,10.96
2008-10-30,11.36
2008-10-31,12.39
2008-11-03,12.25
2008-11-04,12.89
2008-11-05,12.11
2008-11-06,11.68
2008-11-07,11.35
2008-11-10,10.56
2008-11-11,10.4
2008-11-12,9.46
2008-11-13,9.99
2008-11-14,9.51
2008-11-17,9.25
2008-11-18,8.98
2008-11-19,8.0
2008-11-20,7.19
2008-11-21,7.11
2008-11-24,8.2
2008-11-25,9.1
2008-11-26,10.18
2008-11-28,10.06
2008-12-01,8.75
2008-12-02,9.32
2008-12-03,10.41
2008-12-04,10.83
2008-12-05,11.24
2008-12-08,11.62
2008-12-09,10.96
2008-12-10,11.56
2008-12-11,10.82
2008-12-12,11.15
2008-12-15,10.41
2008-12-16,11.55
2008-12-17,11.7
2008-12-18,11.5
2008-12-19,10.62
2008-12-22,9.87
2008-12-23,9.51
2008-12-24,9.43
2008-12-26,9.48
2008-12-29,9.22
2008-12-30,9.6
2008-12-31,9.81
2009-01-02,10.06
2009-01-05,10.58
2009-01-06,11.0
2009-01-07,10.54
2009-01-08,10.87
2009-01-09,10.39
2009-01-12,9.68
2009-01-13,9.8
2009-01-14,9.25
2009-01-15,9.17
2009-01-16,9.48
2009-01-20,8.73
2009-01-21,8.94
2009-01-22,8.78
2009-01-23,8.87
2009-01-26,9.25
2009-01-27,9.06
2009-01-28,9.66
2009-01-29,9.0
2009-01-30,8.63
2009-02-02,8.75
2009-02-03,9.35
2009-02-04,9.21
2009-02-05,9.36
2009-02-06,10.14
2009-02-09,9.93
2009-02-10,9.05
2009-02-11,9.13
2009-02-12,8.87
2009-02-13,8.92
2009-02-17,8.53
2009-02-18,8.18
2009-02-19,7.54
2009-02-20,7.48
2009-02-23,7.38
2009-02-24,7.99
2009-02-25,7.76
2009-02-26,7.7
2009-02-27,7.43
2009-03-02,7.06
2009-03-03,6.75
2009-03-04,6.9
2009-03-05,6.6
2009-03-06,6.48
2009-03-09,6.52
2009-03-10,7.35
2009-03-11,7.32
2009-03-12,7.89
2009-03-13,7.93
2009-03-16,7.64
2009-03-17,8.05
2009-03-18,8.75
2009-03-19,8.46
2009-03-20,7.9
2009-03-23,8.85
2009-03-24,8.78
2009-03-25,9.11
2009-03-26,9.67
2009-03-27,9.54
2009-03-30,8.91
2009-03-31,8.74
2009-04-01,8.97
2009-04-02,9.41
2009-04-03,9.58
2009-04-06,9.39
2009-04-07,8.94
2009-04-08,8.99
2009-04-09,9.6
2009-04-13,9.55
2009-04-14,9.39
2009-04-15,9.87
2009-04-16,10.22
2009-04-17,10.7
2009-04-20,9.8
2009-04-21,10.31
2009-04-22,10.5
2009-04-23,10.53
2009-04-24,11.19
2009-04-27,11.09
2009-04-28,11.05
2009-04-29,11.38
2009-04-30,11.21
2009-05-01,10.92
2009-05-04,11.77
2009-05-05,11.72
2009-05-06,11.38
2009-05-07,10.83
2009-05-08,11.3
2009-05-11,10.93
2009-05-12,10.59
2009-05-13,10.03
2009-05-14,10.2
2009-05-15,10.08
2009-05-18,10.77
2009-05-19,10.59
2009-05-20,10.27
2009-05-21,10.01
2009-05-22,9.92
2009-05-26,10.36
2009-05-27,10.07
2009-05-28,9.77
2009-05-29,9.95
2009-06-01,10.25
2009-06-02,10.44
2009-06-03,10.08
2009-06-04,10.05
2009-06-05,9.96
2009-06-08,10.1
2009-06-09,10.27
2009-06-10,10.16
2009-06-11,9.9
2009-06-12,9.88
2009-06-15,9.46
2009-06-16,9.51
2009-06-17,9.64
2009-06-18,9.44
2009-06-19,9.54
2009-06-22,9.32
2009-06-23,9.32
2009-06-24,9.3
2009-06-25,9.76
2009-06-26,9.71
2009-06-29,9.88
2009-06-30,9.82
2009-07-01,9.84
2009-07-02,9.56
2009-07-06,9.36
2009-07-07,9.17
2009-07-08,9.0
2009-07-09,9.2
2009-07-10,9.14
2009-07-13,9.27
2009-07-14,9.51
2009-07-15,9.92
2009-07-16,10.23
2009-07-17,10.44
2009-07-20,10.52
2009-07-21,10.43
2009-07-22,10.8
2009-07-23,11.36
2009-07-24,11.42
2009-07-27,11.83
2009-07-28,11.87
2009-07-29,11.79
2009-07-30,11.93
2009-07-31,12.12
2009-08-03,12.3
2009-08-04,12.41
2009-08-05,12.59
2009-08-06,12.43
2009-08-07,12.95
2009-08-10,12.64
2009-08-11,12.52
2009-08-12,12.91
2009-08-13,12.87
2009-08-14,12.58
2009-08-17,12.12
2009-08-18,12.36
2009-08-19,12.39
2009-08-20,12.54
2009-08-21,13.02
2009-08-24,12.96
2009-08-25,13.31
2009-08-26,13.6
2009-08-27,13.44
2009-08-28,13.48
2009-08-31,13.14
2009-09-01,12.68
2009-09-02,12.34
2009-09-03,12.5
2009-09-04,12.7
2009-09-08,12.85
2009-09-09,12.95
2009-09-10,13.1
2009-09-11,12.98
2009-09-14,12.94
2009-09-15,13.24
2009-09-16,13.71
2009-09-17,13.51
2009-09-18,13.51
2009-09-21,13.42
2009-09-22,13.33
2009-09-23,12.97
2009-09-24,12.73
2009-09-25,12.39
2009-09-28,12.58
2009-09-29,12.54
2009-09-30,12.31
2009-10-01,11.77
2009-10-02,11.52
2009-10-05,11.68
2009-10-06,11.88
2009-10-07,11.67
2009-10-08,12.15
2009-10-09,12.28
2009-10-12,12.26
2009-10-13,12.51
2009-10-14,12.74
2009-10-15,12.72
2009-10-16,12.57
2009-10-19,12.5
2009-10-20,12.22
2009-10-21,12.03
2009-10-22,12.52
2009-10-23,12.21
2009-10-26,11.92
2009-10-27,11.78
2009-10-28,11.23
2009-10-29,11.5
2009-10-30,11.14
2009-11-02,11.06
2009-11-03,11.3
2009-11-04,11.41
2009-11-05,11.57
2009-11-06,11.7
2009-11-09,11.99
2009-11-10,11.83
2009-11-11,12.37
2009-11-12,12.03
2009-11-13,12.06
2009-11-16,12.26
2009-11-17,12.16
2009-11-18,12.2
2009-11-19,11.95
2009-11-20,11.61
2009-11-23,11.73
2009-11-24,11.64
2009-11-25,11.7
2009-11-27,11.48
2009-11-30,11.45
2009-12-01,11.64
2009-12-02,11.67
2009-12-03,11.39
2009-12-04,11.53
2009-12-07,11.43
2009-12-08,11.26
2009-12-09,11.26
2009-12-10,11.22
2009-12-11,11.41
2009-12-14,11.5
2009-12-15,11.42
2009-12-16,11.73
2009-12-17,11.66
2009-12-18,11.6
2009-12-21,11.75
2009-12-22,12.16
2009-12-23,12.18
2009-12-24,12.28
2009-12-28,12.1
2009-12-29,12.07
2009-12-30,12.09
2009-12-31,12.01
2010-01-04,12.16
2010-01-05,12.27
2010-01-06,12.26
2010-01-07,12.97
2010-01-08,12.98
2010-01-11,12.95
2010-01-12,12.77
2010-01-13,13.0
2010-01-14,13.02
2010-01-15,12.81
2010-01-19,12.96
2010-01-20,12.77
2010-01-21,12.44
2010-01-22,12.15
2010-01-25,12.16
2010-01-26,12.2
2010-01-27,12.34
2010-01-28,12.35
2010-01-29,12.34
2010-02-01,12.37
2010-02-02,13.03
2010-02-03,13.0
2010-02-04,12.61
2010-02-05,12.4
2010-02-08,12.62
2010-02-09,12.71
2010-02-10,12.7
2010-02-11,13.05
2010-02-12,13.12
2010-02-16,13.27
2010-02-17,13.32
2010-02-18,13.22
2010-02-19,13.27
2010-02-22,13.2
2010-02-23,12.87
2010-02-24,12.89
2010-02-25,12.88
2010-02-26,12.89
2010-03-01,13.08
2010-03-02,13.06
2010-03-03,13.27
2010-03-04,13.21
2010-03-05,13.52
2010-03-08,13.67
2010-03-09,13.77
2010-03-10,13.76
2010-03-11,13.74
2010-03-12,13.64
2010-03-15,13.58
2010-03-16,13.77
2010-03-17,13.84
2010-03-18,13.68
2010-03-19,13.46
2010-03-22,13.57
2010-03-23,13.7
2010-03-24,13.7
2010-03-25,13.75
2010-03-26,13.84
2010-03-29,13.81
2010-03-30,13.75
2010-03-31,13.55
2010-04-01,13.53
2010-04-05,13.75
2010-04-06,13.61
2010-04-07,13.45
2010-04-08,13.49
2010-04-09,13.62
2010-04-12,13.69
2010-04-13,13.8
2010-04-14,14.27
2010-04-15,14.2
2010-04-16,13.97
2010-04-19,13.96
2010-04-20,14.22
2010-04-21,14.5
2010-04-22,15.09
2010-04-23,15.53
2010-04-26,15.35
2010-04-27,14.72
2010-04-28,14.93
2010-04-29,15.41
2010-04-30,15.22
2010-05-03,15.67
2010-05-04,15.1
2010-05-05,14.78
2010-05-06,14.12
2010-05-07,13.55
2010-05-10,14.65
2010-05-11,14.65
2010-05-12,14.78
2010-05-13,14.3
2010-05-14,14.06
2010-05-17,14.11
2010-05-18,14.0
2010-05-19,13.77
2010-05-20,13.13
2010-05-21,13.25
2010-05-24,13.07
2010-05-25,13.17
2010-05-26,13.18
2010-05-27,13.62
2010-05-28,13.47
2010-06-01,12.98
2010-06-02,13.19
2010-06-03,13.12
2010-06-04,12.47
2010-06-07,12.01
2010-06-08,11.99
2010-06-09,11.9
2010-06-10,12.49
2010-06-11,12.48
2010-06-14,12.47
2010-06-15,12.78
2010-06-16,12.64
2010-06-17,12.34
2010-06-18,12.26
2010-06-21,12.09
2010-06-22,11.81
2010-06-23,11.98
2010-06-24,11.87
2010-06-25,11.83
2010-06-28,11.72
2010-06-29,11.37
2010-06-30,11.23
2010-07-01,11.14
2010-07-02,10.99
2010-07-06,10.95
2010-07-07,11.32
2010-07-08,11.32
2010-07-09,11.54
2010-07-12,11.41
2010-07-13,11.84
2010-07-14,11.61
2010-07-15,11.6
2010-07-16,11.04
2010-07-19,10.95
2010-07-20,11.39
2010-07-21,11.15
2010-07-22,11.52
2010-07-23,11.8
2010-07-26,12.11
2010-07-27,11.86
2010-07-28,11.51
2010-07-29,11.61
2010-07-30,11.67
2010-08-02,11.96
2010-08-03,11.7
2010-08-04,11.66
2010-08-05,11.53
2010-08-06,11.55
2010-08-09,11.88
2010-08-10,11.57
2010-08-11,11.15
2010-08-12,10.98
2010-08-13,10.92
2010-08-16,10.9
2010-08-17,11.22
2010-08-18,11.44
2010-08-19,11.05
2010-08-20,10.99
2010-08-23,10.8
2010-08-24,10.82
2010-08-25,11.15
2010-08-26,11.03
2010-08-27,11.25
2010-08-30,10.98
2010-08-31,10.99
2010-09-01,11.39
2010-09-02,11.65
2010-09-03,11.81
2010-09-07,11.56
2010-09-08,11.6
2010-09-09,11.71
2010-09-10,11.75
2010-09-13,11.94
2010-09-14,11.9
2010-09-15,11.78
2010-09-16,11.5
2010-09-17,11.46
2010-09-20,11.9
2010-09-21,11.89
2010-09-22,11.79
2010-09-23,11.59
2010-09-24,11.93
2010-09-27,11.96
2010-09-28,12.1
2010-09-29,11.96
2010-09-30,12.05
2010-10-01,12.01
2010-10-04,11.86
2010-10-05,12.01
2010-10-06,11.97
2010-10-07,11.88
2010-10-08,12.0
2010-10-11,11.89
2010-10-12,11.88
2010-10-13,11.91
2010-10-14,11.82
2010-10-15,11.66
2010-10-18,11.67
2010-10-19,11.62
2010-10-20,11.58
2010-10-21,11.67
2010-10-22,11.63
2010-10-25,11.64
2010-10-26,11.55
2010-10-27,11.47
2010-10-28,11.37
2010-10-29,11.37
2010-11-01,11.34
2010-11-02,11.73
2010-11-03,11.61
2010-11-04,12.14
2010-11-05,12.25
2010-11-08,12.27
2010-11-09,12.06
2010-11-10,12.24
2010-11-11,12.28
2010-11-12,12.01
2010-11-15,11.73
2010-11-16,11.56
2010-11-17,11.42
2010-11-18,11.48
2010-11-19,11.47
2010-11-22,11.44
2010-11-23,11.2
2010-11-24,11.42
2010-11-26,11.27
2010-11-29,11.3
2010-11-30,11.36
2010-12-01,11.79
2010-12-02,12.19
2010-12-03,12.28
2010-12-06,12.36
2010-12-07,12.4
2010-12-08,12.41
2010-12-09,12.43
2010-12-10,12.56
2010-12-13,12.64
2010-12-14,12.54
2010-12-15,12.48
2010-12-16,12.68
2010-12-17,12.78
2010-12-20,13.13
2010-12-21,13.3
2010-12-22,13.5
2010-12-23,13.21
2010-12-27,13.36
2010-12-28,13.2
2010-12-29,13.18
2010-12-30,13.24
2010-12-31,13.18
2011-01-03,13.43
2011-01-04,13.18
2011-01-05,13.45
2011-01-06,13.65
2011-01-07,13.79
2011-01-10,13.66
2011-01-11,13.82
2011-01-12,13.91
2011-01-13,13.88
2011-01-14,14.25
2011-01-18,14.05
2011-01-19,13.65
2011-01-20,13.74
2011-01-21,13.57
2011-01-24,13.74
2011-01-25,13.84
2011-01-26,14.03
2011-01-27,13.99
2011-01-28,13.63
2011-01-31,13.55
2011-02-01,13.73
2011-02-02,13.59
2011-02-03,13.39
2011-02-04,13.33
2011-02-07,13.56
2011-02-08,13.91
2011-02-09,13.96
2011-02-10,13.87
2011-02-11,13.89
2011-02-14,13.73
2011-02-15,13.59
2011-02-16,13.82
2011-02-17,14.04
2011-02-18,13.99
2011-02-22,13.41
2011-02-23,13.2
2011-02-24,13.12
2011-02-25,13.39
2011-02-28,13.35
2011-03-01,12.96
2011-03-02,13.14
2011-03-03,13.33
2011-03-04,13.18
2011-03-07,13.0
2011-03-08,13.53
2011-03-09,13.6
2011-03-10,13.27
2011-03-11,13.3
2011-03-14,13.12
2011-03-15,13.26
2011-03-16,12.97
2011-03-17,13.02
2011-03-18,13.19
2011-03-21,13.42
2011-03-22,13.25
2011-03-23,13.32
2011-03-24,13.39
2011-03-25,13.5
2011-03-28,13.49
2011-03-29,13.4
2011-03-30,13.33
2011-03-31,13.25
2011-04-01,13.31
2011-04-04,13.26
2011-04-05,13.26
2011-04-06,13.36
2011-04-07,13.4
2011-04-08,13.32
2011-04-11,13.27
2011-04-12,13.19
2011-04-13,13.12
2011-04-14,13.1
2011-04-15,13.21
2011-04-18,13.15
2011-04-19,13.45
2011-04-20,13.64
2011-04-21,13.38
2011-04-25,13.39
2011-04-26,13.39
2011-04-27,13.48
2011-04-28,13.46
2011-04-29,13.52
2011-05-02,13.34
2011-05-03,13.15
2011-05-04,13.17
2011-05-05,13.21
2011-05-06,13.19
2011-05-09,13.11
2011-05-10,13.14
2011-05-11,12.94
2011-05-12,12.98
2011-05-13,12.85
2011-05-16,12.83
2011-05-17,12.73
2011-05-18,12.91
2011-05-19,13.0
2011-05-20,13.03
2011-05-23,12.85
2011-05-24,12.78
2011-05-25,12.93
2011-05-26,13.15
2011-05-27,13.31
2011-05-31,13.52
2011-06-01,13.12
2011-06-02,12.96
2011-06-03,12.79
2011-06-06,12.5
2011-06-07,12.4
2011-06-08,12.19
2011-06-09,12.26
2011-06-10,12.03
2011-06-13,12.06
2011-06-14,12.34
2011-06-15,12.04
2011-06-16,12.21
2011-06-17,12.32
2011-06-20,12.43
2011-06-21,12.64
2011-06-22,12.65
2011-06-23,12.82
2011-06-24,12.69
2011-06-27,12.7
2011-06-28,12.88
2011-06-29,12.66
2011-06-30,12.7
2011-07-01,12.98
2011-07-05,12.88
2011-07-06,12.81
2011-07-07,13.07
2011-07-08,12.9
2011-07-11,12.55
2011-07-12,12.53
2011-07-13,12.53
2011-07-14,12.35
2011-07-15,12.28
2011-07-18,12.13
2011-07-19,12.5
2011-07-20,12.5
2011-07-21,12.58
2011-07-22,12.43
2011-07-25,12.34
2011-07-26,12.15
2011-07-27,11.82
2011-07-28,11.77
2011-07-29,11.77
2011-08-01,11.68
2011-08-02,11.21
2011-08-03,11.16
2011-08-04,10.55
2011-08-05,10.38
2011-08-08,9.48
2011-08-09,9.69
2011-08-10,9.04
2011-08-11,9.43
2011-08-12,9.51
2011-08-15,9.86
2011-08-16,9.88
2011-08-17,9.77
2011-08-18,9.14
2011-08-19,8.88
2011-08-22,8.86
2011-08-23,8.97
2011-08-24,9.29
2011-08-25,9.4
2011-08-26,9.62
2011-08-29,10.06
2011-08-30,10.23
2011-08-31,10.19
2011-09-01,9.95
2011-09-02,9.6
2011-09-06,9.49
2011-09-07,9.9
2011-09-08,9.66
2011-09-09,9.34
2011-09-12,9.36
2011-09-13,9.34
2011-09-14,9.61
2011-09-15,9.76
2011-09-16,9.7
2011-09-19,9.66
2011-09-20,9.63
2011-09-21,9.31
2011-09-22,8.88
2011-09-23,9.01
2011-09-26,9.27
2011-09-27,9.35
2011-09-28,9.08
2011-09-29,9.3
2011-09-30,8.95
2011-10-03,8.45
2011-10-04,8.83
2011-10-05,9.2
2011-10-06,9.39
2011-10-07,9.22
2011-10-10,9.59
2011-10-11,9.61
2011-10-12,9.81
2011-10-13,9.71
2011-10-14,9.84
2011-10-17,9.48
2011-10-18,10.2
2011-10-19,10.1
2011-10-20,10.22
2011-10-21,10.6
2011-10-24,10.91
2011-10-25,10.54
2011-10-26,10.79
2011-10-27,11.28
2011-10-28,11.07
2011-10-31,10.71
2011-11-01,10.34
2011-11-02,10.61
2011-11-03,10.82
2011-11-04,10.76
2011-11-07,10.94
2011-11-08,11.32
2011-11-09,10.69
2011-11-10,10.94
2011-11-11,11.2
2011-11-14,11.04
2011-11-15,11.15
2011-11-16,11.21
2011-11-17,11.03
2011-11-18,10.95
2011-11-21,10.77
2011-11-22,10.8
2011-11-23,10.4
2011-11-25,10.4
2011-11-28,10.68
2011-11-29,10.88
2011-11-30,11.47
2011-12-01,11.5
2011-12-02,11.55
2011-12-05,11.82
2011-12-06,11.93
2011-12-07,12.01
2011-12-08,11.64
2011-12-09,11.91
2011-12-12,11.72
2011-12-13,11.28
2011-12-14,10.92
2011-12-15,11.12
2011-12-16,11.24
2011-12-19,11.02
2011-12-20,11.76
2011-12-21,11.94
2011-12-22,11.86
2011-12-23,11.82
2011-12-27,11.76
2011-12-28,11.53
2011-12-29,11.97
2011-12-30,11.88
2012-01-03,12.12
2012-01-04,12.26
2012-01-05,12.58
2012-01-06,12.46
2012-01-09,12.55
2012-01-10,12.82
2012-01-11,13.26
2012-01-12,13.29
2012-01-13,13.22
2012-01-17,13.14
2012-01-18,13.67
2012-01-19,13.68
2012-01-20,13.39
2012-01-23,13.22
2012-01-24,13.44
2012-01-25,13.73
2012-01-26,13.45
2012-01-27,13.53
2012-01-30,13.32
2012-01-31,13.06
2012-02-01,13.42
2012-02-02,13.5
2012-02-03,14.22
2012-02-06,14.06
2012-02-07,14.1
2012-02-08,14.16
2012-02-09,14.36
2012-02-10,14.14
2012-02-13,14.46
2012-02-14,14.3
2012-02-15,14.25
2012-02-16,14.21
2012-02-17,14.2
2012-02-21,13.95
2012-02-22,13.63
2012-02-23,13.88
2012-02-24,13.66
2012-02-27,13.83
2012-02-28,13.65
2012-02-29,13.94
2012-03-01,13.89
2012-03-02,13.66
2012-03-05,13.67
2012-03-06,13.26
2012-03-07,13.75
2012-03-08,14.17
2012-03-09,14.57
2012-03-12,14.63
2012-03-13,15.13
2012-03-14,15.02
2012-03-15,15.37
2012-03-16,15.21
2012-03-19,15.1
2012-03-20,14.95
2012-03-21,15.05
2012-03-22,14.84
2012-03-23,14.68
2012-03-26,14.75
2012-03-27,15.03
2012-03-28,15.16
2012-03-29,14.94
2012-03-30,14.72
2012-04-02,14.53
2012-04-03,14.55
2012-04-04,14.42
2012-04-05,14.26
2012-04-09,14.25
2012-04-10,13.65
2012-04-11,14.14
2012-04-12,14.53
2012-04-13,14.33
2012-04-16,14.36
2012-04-17,14.53
2012-04-18,14.3
2012-04-19,14.12
2012-04-20,14.42
2012-04-23,14.11
2012-04-24,14.5
2012-04-25,14.79
2012-04-26,15.33
2012-04-27,15.73
2012-04-30,15.46
2012-05-01,15.65
2012-05-02,16.03
2012-05-03,15.76
2012-05-04,15.58
2012-05-07,15.69
2012-05-08,15.57
2012-05-09,15.76
2012-05-10,15.61
2012-05-11,15.77
2012-05-14,15.54
2012-05-15,15.68
2012-05-16,15.55
2012-05-17,14.66
2012-05-18,14.45
2012-05-21,14.84
2012-05-22,15.08
2012-05-23,15.36
2012-05-24,15.55
2012-05-25,15.53
2012-05-29,15.9
2012-05-30,15.23
2012-05-31,15.27
2012-06-01,14.32
2012-06-04,13.72
2012-06-05,14.18
2012-06-06,14.72
2012-06-07,14.82
2012-06-08,15.06
2012-06-11,14.51
2012-06-12,14.68
2012-06-13,14.33
2012-06-14,14.81
2012-06-15,15.0
2012-06-18,15.44
2012-06-19,15.65
2012-06-20,15.54
2012-06-21,15.06
2012-06-22,15.23
2012-06-25,15.07
2012-06-26,15.55
2012-06-27,15.92
2012-06-28,16.14
2012-06-29,16.81
2012-07-02,16.95
2012-07-03,16.9
2012-07-05,17.18
2012-07-06,17.18
2012-07-09,17.15
2012-07-10,16.79
2012-07-11,16.5
2012-07-12,16.84
2012-07-13,17.05
2012-07-16,16.98
2012-07-17,17.01
2012-07-18,16.87
2012-07-19,16.58
2012-07-20,16.82
2012-07-23,16.86
2012-07-24,16.52
2012-07-25,15.93
2012-07-26,16.73
2012-07-27,16.84
2012-07-30,16.58
2012-07-31,16.2
2012-08-01,16.02
2012-08-02,16.28
2012-08-03,16.42
2012-08-06,16.52
2012-08-07,16.8
2012-08-08,17.03
2012-08-09,17.34
2012-08-10,17.13
2012-08-13,17.17
2012-08-14,17.27
2012-08-15,17.25
2012-08-16,17.91
2012-08-17,18.02
2012-08-20,17.66
2012-08-21,17.49
2012-08-22,17.89
2012-08-23,17.8
2012-08-24,18.04
2012-08-27,17.85
2012-08-28,17.86
2012-08-29,17.96
2012-08-30,17.92
2012-08-31,18.17
2012-09-04,18.38
2012-09-05,18.29
2012-09-06,18.75
2012-09-07,18.82
2012-09-10,18.67
2012-09-11,18.82
2012-09-12,19.3
2012-09-13,19.69
2012-09-14,20.19
2012-09-17,19.81
2012-09-18,19.57
2012-09-19,20.08
2012-09-20,20.19
2012-09-21,20.57
2012-09-24,20.3
2012-09-25,19.96
2012-09-26,19.27
2012-09-27,19.59
2012-09-28,19.35
2012-10-01,19.28
2012-10-02,19.43
2012-10-03,20.22
2012-10-04,20.35
2012-10-05,20.5
2012-10-08,20.15
2012-10-09,19.67
2012-10-10,19.73
2012-10-11,19.43
2012-10-12,19.35
2012-10-15,19.98
2012-10-16,20.04
2012-10-17,20.63
2012-10-18,20.88
2012-10-19,20.87
2012-10-22,20.8
2012-10-23,20.6
2012-10-24,20.81
2012-10-25,20.44
2012-10-26,20.24
2012-10-31,20.53
2012-11-01,21.08
2012-11-02,20.56
2012-11-05,21.05
2012-11-06,21.0
2012-11-07,20.89
2012-11-08,20.6
2012-11-09,20.3
2012-11-12,19.76
2012-11-13,19.74
2012-11-14,19.12
2012-11-15,18.95
2012-11-16,19.55
2012-11-19,19.89
2012-11-20,20.41
2012-11-21,20.44
2012-11-23,20.68
2012-11-26,20.55
2012-11-27,20.57
2012-11-28,20.53
2012-11-29,20.59
2012-11-30,20.5
2012-12-03,20.49
2012-12-04,20.5
2012-12-05,19.88
2012-12-06,19.91
2012-12-07,19.96
2012-12-10,19.92
2012-12-11,19.95
2012-12-12,20.44
2012-12-13,20.32
2012-12-14,20.24
2012-12-17,21.01
2012-12-18,21.45
2012-12-19,21.19
2012-12-20,21.31
2012-12-21,21.0
2012-12-24,20.88
2012-12-26,20.73
2012-12-27,20.74
2012-12-28,20.6
2012-12-31,21.16
2013-01-02,21.66
2013-01-03,21.73
2013-01-04,21.92
2013-01-07,22.06
2013-01-08,22.14
2013-01-09,22.33
2013-01-10,22.18
2013-01-11,22.21
2013-01-14,22.06
2013-01-15,22.24
2013-01-16,22.1
2013-01-17,22.7
2013-01-18,22.73
2013-01-22,22.86
2013-01-23,23.15
2013-01-24,23.24
2013-01-25,23.63
2013-01-28,23.65
2013-01-29,23.74
2013-01-30,23.46
2013-01-31,23.43
2013-02-01,23.13
2013-02-04,22.75
2013-02-05,23.02
2013-02-06,22.93
2013-02-07,22.7
2013-02-08,22.75
2013-02-11,22.68
2013-02-12,23.53
2013-02-13,23.55
2013-02-14,23.51
2013-02-15,23.5
2013-02-19,23.33
2013-02-20,21.99
2013-02-21,21.98
2013-02-22,22.22
2013-02-25,21.34
2013-02-26,22.17
2013-02-27,22.68
2013-02-28,22.49
2013-03-01,22.61
2013-03-04,23.09
2013-03-05,23.49
2013-03-06,23.53
2013-03-07,23.6
2013-03-08,23.84
2013-03-11,23.83
2013-03-12,23.46
2013-03-13,23.62
2013-03-14,23.96
2013-03-15,23.9
2013-03-18,23.9
2013-03-19,24.01
2013-03-20,24.71
2013-03-21,24.26
2013-03-22,24.2
2013-03-25,24.03
2013-03-26,23.98
2013-03-27,24.03
2013-03-28,23.89
2013-04-01,23.51
2013-04-02,23.33
2013-04-03,22.63
2013-04-04,22.74
2013-04-05,22.98
2013-04-08,23.49
2013-04-09,23.25
2013-04-10,23.15
2013-04-11,23.25
2013-04-12,23.3
2013-04-15,22.03
2013-04-16,22.54
2013-04-17,22.27
2013-04-18,21.76
2013-04-19,22.29
2013-04-22,22.57
2013-04-23,23.43
2013-04-24,23.7
2013-04-25,24.12
2013-04-26,24.5
2013-04-29,24.43
2013-04-30,24.26
2013-05-01,23.9
2013-05-02,24.58
2013-05-03,24.9
2013-05-06,25.14
2013-05-07,25.2
2013-05-08,25.29
2013-05-09,25.32
2013-05-10,25.57
2013-05-13,25.62
2013-05-14,26.05
2013-05-15,26.01
2013-05-16,25.61
2013-05-17,26.01
2013-05-20,25.73
2013-05-21,25.5
2013-05-22,25.31
2013-05-23,25.51
2013-05-24,25.39
2013-05-28,25.47
2013-05-29,24.69
2013-05-30,24.7
2013-05-31,24.33
2013-06-03,24.1
2013-06-04,23.43
2013-06-05,23.06
2013-06-06,23.76
2013-06-07,23.82
2013-06-10,23.45
2013-06-11,23.0
2013-06-12,22.9
2013-06-13,23.9
2013-06-14,23.89
2013-06-17,24.28
2013-06-18,24.42
2013-06-19,23.7
2013-06-20,22.34
2013-06-21,22.06
2013-06-24,21.79
2013-06-25,22.03
2013-06-26,22.21
2013-06-27,22.75
2013-06-28,22.38
2013-07-01,22.46
2013-07-02,22.26
2013-07-03,22.42
2013-07-05,21.97
2013-07-08,21.66
2013-07-09,22.52
2013-07-10,22.4
2013-07-11,23.61
2013-07-12,23.58
2013-07-15,23.11
2013-07-16,22.97
2013-07-17,23.26
2013-07-18,23.07
2013-07-19,23.23
2013-07-22,22.95
2013-07-23,23.22
2013-07-24,22.55
2013-07-25,21.82
2013-07-26,21.83
2013-07-29,21.75
2013-07-30,21.81
2013-07-31,22.28
2013-08-01,22.27
2013-08-02,22.71
2013-08-05,22.38
2013-08-06,21.9
2013-08-07,21.41
2013-08-08,21.58
2013-08-09,21.54
2013-08-12,21.66
2013-08-13,21.27
2013-08-14,20.81
2013-08-15,21.3
2013-08-16,21.35
2013-08-19,20.68
2013-08-20,21.32
2013-08-21,21.24
2013-08-22,21.62
2013-08-23,21.07
2013-08-26,21.19
2013-08-27,20.66
2013-08-28,20.56
2013-08-29,20.96
2013-08-30,20.56
2013-09-03,20.53
2013-09-04,20.55
2013-09-05,20.52
2013-09-06,20.87
2013-09-09,21.77
2013-09-10,21.65
2013-09-11,22.04
2013-09-12,22.01
2013-09-13,21.95
2013-09-16,22.27
2013-09-17,22.32
2013-09-18,23.4
2013-09-19,23.12
2013-09-20,22.6
2013-09-23,22.27
2013-09-24,22.66
2013-09-25,22.67
2013-09-26,22.67
2013-09-27,22.38
2013-09-30,22.34
2013-10-01,22.48
2013-10-02,22.62
2013-10-03,22.21
2013-10-04,21.86
2013-10-07,21.64
2013-10-08,21.13
2013-10-09,21.1
2013-10-10,21.54
2013-10-11,21.91
2013-10-14,21.73
2013-10-15,21.21
2013-10-16,21.54
2013-10-17,22.22
2013-10-18,22.1
2013-10-21,21.78
2013-10-22,22.33
2013-10-23,22.54
2013-10-24,23.18
2013-10-25,23.24
2013-10-28,23.11
2013-10-29,23.43
2013-10-30,22.98
2013-10-31,22.52
2013-11-01,22.31
2013-11-04,22.58
2013-11-05,22.21
2013-11-06,22.35
2013-11-07,22.09
2013-11-08,21.75
2013-11-11,21.65
2013-11-12,21.83
2013-11-13,22.13
2013-11-14,22.66
2013-11-15,22.7
2013-11-18,22.59
2013-11-19,22.56
2013-11-20,22.46
2013-11-21,22.9
2013-11-22,22.64
2013-11-25,22.58
2013-11-26,23.33
2013-11-27,23.29
2013-11-29,23.14
2013-12-02,22.69
2013-12-03,22.53
2013-12-04,22.4
2013-12-05,22.25
2013-12-06,22.61
2013-12-09,22.86
2013-12-10,22.79
2013-12-11,22.38
2013-12-12,22.4
2013-12-13,22.44
2013-12-16,22.57
2013-12-17,22.57
2013-12-18,23.4
2013-12-19,23.2
2013-12-20,23.61
2013-12-23,24.31
2013-12-24,24.41
2013-12-26,24.48
2013-12-27,24.61
2013-12-30,24.68
2013-12-31,24.82
2014-01-02,24.6
2014-01-03,24.6
2014-01-06,24.21
2014-01-07,24.18
2014-01-08,24.45
2014-01-09,24.41
2014-01-10,24.76
2014-01-13,24.17
2014-01-14,24.37
2014-01-15,24.31
2014-01-16,24.42
2014-01-17,24.09
2014-01-21,24.05
2014-01-22,24.43
2014-01-23,24.55
2014-01-24,23.72
2014-01-27,23.62
2014-01-28,24.52
2014-01-29,24.41
2014-01-30,24.39
2014-01-31,24.82
2014-02-03,24.07
2014-02-04,24.34
2014-02-05,24.07
2014-02-06,24.82
2014-02-07,24.89
2014-02-10,24.59
2014-02-11,24.65
2014-02-12,24.64
2014-02-13,24.93
2014-02-14,25.21
2014-02-18,25.03
2014-02-19,24.77
2014-02-20,25.02
2014-02-21,25.28
2014-02-24,25.27
2014-02-25,25.55
2014-02-26,26.27
2014-02-27,26.45
2014-02-28,26.29
2014-03-03,26.06
2014-03-04,26.35
2014-03-05,26.09
2014-03-06,25.95
2014-03-07,25.72
2014-03-10,25.23
2014-03-11,25.17
2014-03-12,25.1
2014-03-13,24.48
2014-03-14,24.5
2014-03-17,24.53
2014-03-18,24.9
2014-03-19,24.98
2014-03-20,24.57
2014-03-21,24.17
2014-03-24,24.01
2014-03-25,23.98
2014-03-26,23.66
2014-03-27,23.72
2014-03-28,24.1
2014-03-31,24.22
2014-04-01,24.61
2014-04-02,24.71
2014-04-03,24.71
2014-04-04,24.59
2014-04-07,23.94
2014-04-08,24.05
2014-04-09,24.22
2014-04-10,23.83
2014-04-11,23.53
2014-04-14,23.58
2014-04-15,23.51
2014-04-16,23.7
2014-04-17,23.53
2014-04-21,23.51
2014-04-22,23.7
2014-04-23,23.33
2014-04-24,23.9
2014-04-25,23.36
2014-04-28,23.35
2014-04-29,23.38
2014-04-30,23.39
2014-05-01,23.61
2014-05-02,23.95
2014-05-05,23.66
2014-05-06,23.18
2014-05-07,23.18
2014-05-08,23.1
2014-05-09,23.21
2014-05-12,23.7
2014-05-13,23.68
2014-05-14,23.16
2014-05-15,23.09
2014-05-16,23.24
2014-05-19,23.2
2014-05-20,23.03
2014-05-21,23.11
2014-05-22,23.53
2014-05-23,24.03
2014-05-27,24.07
2014-05-28,24.03
2014-05-29,24.17
2014-05-30,24.03
2014-06-02,24.06
2014-06-03,24.03
2014-06-04,23.96
2014-06-05,24.22
2014-06-06,24.58
2014-06-09,24.76
2014-06-10,24.65
2014-06-11,24.23
2014-06-12,23.99
2014-06-13,23.89
2014-06-16,24.08
2014-06-17,24.16
2014-06-18,24.21
2014-06-19,24.24
2014-06-20,24.15
2014-06-23,24.17
2014-06-24,24.36
2014-06-25,24.52
2014-06-26,24.42
2014-06-27,24.65
2014-06-30,24.8
2014-07-01,25.09
2014-07-02,24.84
2014-07-03,24.94
2014-07-07,24.49
2014-07-08,24.35
2014-07-09,24.31
2014-07-10,23.98
2014-07-11,23.82
2014-07-14,23.81
2014-07-15,23.74
2014-07-16,24.04
2014-07-17,23.43
2014-07-18,23.53
2014-07-21,23.58
2014-07-22,23.95
2014-07-23,24.21
2014-07-24,23.38
2014-07-25,23.12
2014-07-28,22.83
2014-07-29,22.76
2014-07-30,22.59
2014-07-31,22.21
2014-08-01,22.14
2014-08-04,22.36
2014-08-05,22.22
2014-08-06,22.22
2014-08-07,22.18
2014-08-08,22.71
2014-08-11,22.76
2014-08-12,22.56
2014-08-13,22.66
2014-08-14,23.04
2014-08-15,22.97
2014-08-18,23.43
2014-08-19,23.99
2014-08-20,24.09
2014-08-21,24.09
2014-08-22,24.09
2014-08-25,23.97
2014-08-26,24.04
2014-08-27,24.04
2014-08-28,23.97
2014-08-29,24.07
2014-09-02,24.0
2014-09-03,23.5
2014-09-04,23.68
2014-09-05,23.73
2014-09-08,23.78
2014-09-09,23.65
2014-09-10,23.83
2014-09-11,23.88
2014-09-12,23.51
2014-09-15,23.54
2014-09-16,23.59
2014-09-17,24.13
2014-09-18,24.01
2014-09-19,23.74
2014-09-22,23.24
2014-09-23,23.22
2014-09-24,23.15
2014-09-25,22.86
2014-09-26,22.93
2014-09-29,22.77
2014-09-30,22.49
2014-10-01,22.27
2014-10-02,22.47
2014-10-03,22.74
2014-10-06,22.8
2014-10-07,22.55
2014-10-08,22.91
2014-10-09,22.37
2014-10-10,21.77
2014-10-13,21.26
2014-10-14,21.68
2014-10-15,22.17
2014-10-16,22.17
2014-10-17,22.86
2014-10-20,23.46
2014-10-21,23.76
2014-10-22,23.64
2014-10-23,23.99
2014-10-24,24.1
2014-10-27,24.07
2014-10-28,24.26
2014-10-29,23.95
2014-10-30,24.04
2014-10-31,24.07
2014-11-03,24.18
2014-11-04,23.92
2014-11-05,23.9
2014-11-06,24.39
2014-11-07,24.55
2014-11-10,24.79
2014-11-11,25.22
2014-11-12,25.08
2014-11-13,25.08
2014-11-14,25.12
2014-11-17,25.09
2014-11-18,25.16
2014-11-19,25.17
2014-11-20,25.68
2014-11-21,25.86
2014-11-24,26.08
2014-11-25,25.93
2014-11-26,25.86
2014-11-28,25.95
2014-12-01,25.59
2014-12-02,25.77
2014-12-03,25.7
2014-12-04,25.56
2014-12-05,25.59
2014-12-08,25.55
2014-12-09,25.67
2014-12-10,24.78
2014-12-11,24.9
2014-12-12,24.51
2014-12-15,24.28
2014-12-16,24.04
2014-12-17,24.82
2014-12-18,25.22
2014-12-19,25.32
2014-12-22,25.35
2014-12-23,25.34
2014-12-24,25.35
2014-12-26,25.44
2014-12-29,25.63
2014-12-30,25.68
2014-12-31,25.88
2015-01-02,25.67
2015-01-05,25.4
2015-01-06,25.11
2015-01-07,25.93
2015-01-08,26.54
2015-01-09,26.61
2015-01-12,26.67
2015-01-13,25.99
2015-01-14,25.9
2015-01-15,24.6
2015-01-16,25.1
2015-01-20,24.48
2015-01-21,24.71
2015-01-22,24.98
2015-01-23,24.82
2015-01-26,25.34
2015-01-27,25.26
2015-01-28,25.03
2015-01-29,25.86
2015-01-30,25.34
2015-02-02,25.42
2015-02-03,25.92
2015-02-04,26.35
2015-02-05,26.2
2015-02-06,26.66
2015-02-09,26.75
2015-02-10,27.1
2015-02-11,26.94
2015-02-12,27.49
2015-02-13,27.51
2015-02-17,27.66
2015-02-18,27.64
2015-02-19,27.56
2015-02-20,27.68
2015-02-23,27.5
2015-02-24,28.15
2015-02-25,27.76
2015-02-26,27.61
2015-02-27,27.64
2015-03-02,27.66
2015-03-03,27.23
2015-03-04,27.35
2015-03-05,27.48
2015-03-06,26.82
2015-03-09,26.89
2015-03-10,26.6
2015-03-11,26.86
2015-03-12,27.21
2015-03-13,26.96
2015-03-16,27.04
2015-03-17,26.81
2015-03-18,27.3
2015-03-19,27.28
2015-03-20,27.82
2015-03-23,27.61
2015-03-24,27.93
2015-03-25,27.52
2015-03-26,27.33
2015-03-27,27.79
2015-03-30,28.26
2015-03-31,28.23
2015-04-01,28.13
2015-04-02,28.61
2015-04-06,28.51
2015-04-07,28.01
2015-04-08,28.41
2015-04-09,28.21
2015-04-10,28.2
2015-04-13,28.03
2015-04-14,28.23
2015-04-15,28.44
2015-04-16,27.91
2015-04-17,27.56
2015-04-20,27.48
2015-04-21,27.87
2015-04-22,27.45
2015-04-23,26.67
2015-04-24,26.98
2015-04-27,26.66
2015-04-28,26.8
2015-04-29,26.42
2015-04-30,25.92
2015-05-01,26.32
2015-05-04,26.26
2015-05-05,26.01
2015-05-06,26.02
2015-05-07,26.38
2015-05-08,26.69
2015-05-11,26.39
2015-05-12,26.38
2015-05-13,26.34
2015-05-14,26.65
2015-05-15,26.88
2015-05-18,27.11
2015-05-19,27.3
2015-05-20,27.3
2015-05-21,27.18
2015-05-22,27.02
2015-05-26,26.75
2015-05-27,26.88
2015-05-28,26.94
2015-05-29,26.62
2015-06-01,26.79
2015-06-02,26.78
2015-06-03,26.91
2015-06-04,26.58
2015-06-05,26.65
2015-06-08,26.36
2015-06-09,26.27
2015-06-10,26.68
2015-06-11,26.8
2015-06-12,26.9
2015-06-15,26.94
2015-06-16,26.88
2015-06-17,26.87
2015-06-18,27.05
2015-06-19,27.4
2015-06-22,27.65
2015-06-23,27.7
2015-06-24,27.92
2015-06-25,27.96
2015-06-26,28.03
2015-06-29,27.43
2015-06-30,27.45
2015-07-01,27.64
2015-07-02,27.56
2015-07-06,27.49
2015-07-07,27.88
2015-07-08,27.46
2015-07-09,27.64
2015-07-10,27.98
2015-07-13,28.14
2015-07-14,28.23
2015-07-15,27.83
2015-07-16,27.79
2015-07-17,27.6
2015-07-20,27.36
2015-07-21,27.41
2015-07-22,27.99
2015-07-23,27.78
2015-07-24,27.17
2015-07-27,27.09
2015-07-28,27.5
2015-07-29,27.99
2015-07-30,28.22
2015-07-31,28.43
2015-08-03,28.22
2015-08-04,27.91
2015-08-05,27.57
2015-08-06,27.39
2015-08-07,27.48
2015-08-10,27.96
2015-08-11,28.12
2015-08-12,28.23
2015-08-13,28.66
2015-08-14,28.71
2015-08-17,29.17
2015-08-18,29.72
2015-08-19,29.74
2015-08-20,29.12
2015-08-21,28.55
2015-08-24,27.71
2015-08-25,26.38
2015-08-26,27.04
2015-08-27,27.65
2015-08-28,27.6
2015-08-31,27.75
2015-09-01,27.03
2015-09-02,27.73
2015-09-03,28.05
2015-09-04,27.53
2015-09-08,28.35
2015-09-09,28.05
2015-09-10,27.89
2015-09-11,28.31
2015-09-14,28.24
2015-09-15,28.3
2015-09-16,28.42
2015-09-17,28.66
2015-09-18,28.09
2015-09-21,27.8
2015-09-22,27.13
2015-09-23,27.14
2015-09-24,27.21
2015-09-25,27.35
2015-09-28,26.15
2015-09-29,25.71
2015-09-30,26.1
2015-10-01,26.45
2015-10-02,26.59
2015-10-05,27.43
2015-10-06,26.95
2015-10-07,27.59
2015-10-08,27.88
2015-10-09,27.85
2015-10-12,27.94
2015-10-13,27.55
2015-10-14,26.86
2015-10-15,27.22
2015-10-16,27.37
2015-10-19,27.51
2015-10-20,27.88
2015-10-21,27.89
2015-10-22,27.78
2015-10-23,27.91
2015-10-26,27.76
2015-10-27,27.17
2015-10-28,27.55
2015-10-29,26.95
2015-10-30,27.19
2015-11-02,27.42
2015-11-03,27.49
2015-11-04,27.39
2015-11-05,27.26
2015-11-06,27.19
2015-11-09,26.76
2015-11-10,27.44
2015-11-11,27.75
2015-11-12,27.11
2015-11-13,26.81
2015-11-16,27.44
2015-11-17,27.42
2015-11-18,27.91
2015-11-19,27.97
2015-11-20,28.12
2015-11-23,28.25
2015-11-24,28.57
2015-11-25,28.84
2015-11-27,28.84
2015-11-30,28.56
2015-12-01,28.97
2015-12-02,28.48
2015-12-03,27.98
2015-12-04,28.57
2015-12-07,28.49
2015-12-08,27.92
2015-12-09,27.28
2015-12-10,27.48
2015-12-11,27.08
2015-12-14,26.76
2015-12-15,27.04
2015-12-16,27.69
2015-12-17,27.07
2015-12-18,26.52
2015-12-21,26.86
2015-12-22,27.18
2015-12-23,27.4
2015-12-24,27.45
2015-12-28,27.38
2015-12-29,27.54
2015-12-30,27.35
2015-12-31,27.1
2016-01-04,26.29
2016-01-05,26.36
2016-01-06,25.75
2016-01-07,24.68
2016-01-08,24.13
2016-01-11,24.27
2016-01-12,24.54
2016-01-13,23.81
2016-01-14,23.67
2016-01-15,23.47
2016-01-19,23.24
2016-01-20,22.98
2016-01-21,23.26
2016-01-22,23.92
2016-01-25,23.26
2016-01-26,23.96
2016-01-27,23.61
2016-01-28,23.64
2016-01-29,24.33
2016-02-01,24.12
2016-02-02,23.51
2016-02-03,23.46
2016-02-04,23.67
2016-02-05,22.99
2016-02-08,22.21
2016-02-09,22.31
2016-02-10,22.54
2016-02-11,21.86
2016-02-12,22.58
2016-02-16,23.14
2016-02-17,23.34
2016-02-18,23.2
2016-02-19,23.24
2016-02-22,23.71
2016-02-23,23.89
2016-02-24,24.11
2016-02-25,24.54
2016-02-26,24.63
2016-02-29,24.49
2016-03-01,25.16
2016-03-02,25.38
2016-03-03,25.7
2016-03-04,25.6
2016-03-07,25.72
2016-03-08,25.23
2016-03-09,25.44
2016-03-10,25.34
2016-03-11,26.03
2016-03-14,25.95
2016-03-15,25.75
2016-03-16,26.1
2016-03-17,26.49
2016-03-18,26.84
2016-03-21,26.53
2016-03-22,26.51
2016-03-23,26.11
2016-03-24,26.2
2016-03-28,26.41
2016-03-29,27.09
2016-03-30,26.86
2016-03-31,27.08
2016-04-01,27.09
2016-04-04,26.64
2016-04-05,26.6
2016-04-06,27.14
2016-04-07,27.01
2016-04-08,27.12
2016-04-11,27.12
2016-04-12,27.29
2016-04-13,27.86
2016-04-14,27.76
2016-04-15,27.82
2016-04-18,27.85
2016-04-19,27.66
2016-04-20,27.81
2016-04-21,27.7
2016-04-22,27.63
2016-04-25,27.47
2016-04-26,27.69
2016-04-27,27.8
2016-04-28,26.79
2016-04-29,26.59
2016-05-02,26.91
2016-05-03,26.43
2016-05-04,26.33
2016-05-05,26.24
2016-05-06,26.36
2016-05-09,26.49
2016-05-10,26.65
2016-05-11,26.36
2016-05-12,26.32
2016-05-13,26.22
2016-05-16,26.44
2016-05-17,26.39
2016-05-18,26.31
2016-05-19,26.21
2016-05-20,26.66
2016-05-23,26.47
2016-05-24,27.48
2016-05-25,27.42
2016-05-26,27.46
2016-05-27,27.62
2016-05-31,27.59
2016-06-01,27.7
2016-06-02,27.61
2016-06-03,27.51
2016-06-06,27.52
2016-06-07,27.97
2016-06-08,28.26
2016-06-09,28.13
2016-06-10,27.62
2016-06-13,27.1
2016-06-14,26.86
2016-06-15,27.02
2016-06-16,27.02
2016-06-17,27.26
2016-06-20,27.52
2016-06-21,27.38
2016-06-22,27.27
2016-06-23,27.66
2016-06-24,26.78
2016-06-27,26.04
2016-06-28,26.62
2016-06-29,27.18
2016-06-30,27.65
2016-07-01,27.87
2016-07-05,27.65
2016-07-06,28.18
2016-07-07,28.35
2016-07-08,29.14
2016-07-11,29.24
2016-07-12,29.28
2016-07-13,29.23
2016-07-14,29.16
2016-07-15,29.17
2016-07-18,29.3
2016-07-19,29.21
2016-07-20,29.45
2016-07-21,29.36
2016-07-22,29.44
2016-07-25,29.49
2016-07-26,29.71
2016-07-27,29.55
2016-07-28,29.58
2016-07-29,28.95
2016-08-01,29.02
2016-08-02,28.6
2016-08-03,28.79
2016-08-04,28.65
2016-08-05,28.94
2016-08-08,28.82
2016-08-09,28.84
2016-08-10,28.74
2016-08-11,28.88
2016-08-12,28.72
2016-08-15,29.0
2016-08-16,28.87
2016-08-17,28.58
2016-08-18,28.64
2016-08-19,28.61
2016-08-22,28.74
2016-08-23,29.49
2016-08-24,29.14
2016-08-25,29.19
2016-08-26,28.88
2016-08-29,29.02
2016-08-30,29.16
2016-08-31,29.04
2016-09-01,28.9
2016-09-02,28.97
2016-09-06,28.94
2016-09-07,29.16
2016-09-08,28.88
2016-09-09,27.75
2016-09-12,28.07
2016-09-13,27.5
2016-09-14,27.5
2016-09-15,27.65
2016-09-16,27.27
2016-09-19,27.52
2016-09-20,27.15
2016-09-21,27.4
2016-09-22,27.73
2016-09-23,27.62
2016-09-26,27.45
2016-09-27,27.55
2016-09-28,27.73
2016-09-29,27.41
2016-09-30,27.55
2016-10-03,27.4
2016-10-04,27.24
2016-10-05,27.43
2016-10-06,27.68
2016-10-07,27.22
2016-10-10,27.35
2016-10-11,26.99
2016-10-12,27.09
2016-10-13,26.75
2016-10-14,26.76
2016-10-17,26.75
2016-10-18,26.91
2016-10-19,26.97
2016-10-20,26.61
2016-10-21,26.54
2016-10-24,26.71
2016-10-25,25.94
2016-10-26,25.87
2016-10-27,25.39
2016-10-28,25.67
2016-10-31,25.78
2016-11-01,25.48
2016-11-02,25.32
2016-11-03,25.2
2016-11-04,25.54
2016-11-07,25.93
2016-11-08,25.73
2016-11-09,25.91
2016-11-10,26.42
2016-11-11,26.53
2016-11-14,26.9
2016-11-15,26.96
2016-11-16,26.77
2016-11-17,27.34
2016-11-18,27.45
2016-11-21,27.59
2016-11-22,27.62
2016-11-23,27.79
2016-11-25,28.01
2016-11-28,27.72
2016-11-29,27.93
2016-11-30,27.37
2016-12-01,27.01
2016-12-02,27.04
2016-12-05,27.4
2016-12-06,27.86
2016-12-07,28.55
2016-12-08,29.08
2016-12-09,28.81
2016-12-12,28.76
2016-12-13,28.77
2016-12-14,28.15
2016-12-15,27.78
2016-12-16,27.99
2016-12-19,28.09
2016-12-20,28.13
2016-12-21,28.28
2016-12-22,27.87
2016-12-23,27.81
2016-12-27,28.06
2016-12-28,27.75
2016-12-29,27.73
2016-12-30,27.48
2017-01-03,27.68
2017-01-04,28.24
2017-01-05,28.19
2017-01-06,27.74
2017-01-09,27.62
2017-01-10,27.83
2017-01-11,28.0
2017-01-12,27.97
2017-01-13,28.06
2017-01-17,27.94
2017-01-18,27.95
2017-01-19,27.63
2017-01-20,27.79
2017-01-23,27.91
2017-01-24,29.03
2017-01-25,29.65
2017-01-26,29.72
2017-01-27,29.34
2017-01-30,29.2
2017-01-31,28.92
2017-02-01,28.89
2017-02-02,28.9
2017-02-03,29.1
2017-02-06,28.88
2017-02-07,28.86
2017-02-08,29.0
2017-02-09,29.14
2017-02-10,29.65
2017-02-13,29.6
2017-02-14,29.41
2017-02-15,29.74
2017-02-16,29.58
2017-02-17,29.55
2017-02-21,29.92
2017-02-22,30.03
2017-02-23,29.91
2017-02-24,30.07
2017-02-27,30.6
2017-02-28,30.47
2017-03-01,31.26
2017-03-02,31.12
2017-03-03,31.2
2017-03-06,31.06
2017-03-07,31.22
2017-03-08,31.61
2017-03-09,31.44
2017-03-10,31.91
2017-03-13,31.72
2017-03-14,31.54
2017-03-15,31.93
2017-03-16,32.52
2017-03-17,32.36
2017-03-20,32.22
2017-03-21,31.67
2017-03-22,31.56
2017-03-23,31.71
2017-03-24,31.69
2017-03-27,31.64
2017-03-28,31.89
2017-03-29,31.93
2017-03-30,31.99
2017-03-31,31.98
2017-04-03,31.81
2017-04-04,31.71
2017-04-05,31.59
2017-04-06,31.75
2017-04-07,31.65
2017-04-10,31.77
2017-04-11,32.19
2017-04-12,31.91
2017-04-13,31.82
2017-04-17,32.29
2017-04-18,32.43
2017-04-19,32.4
2017-04-20,32.16
2017-04-21,32.23
2017-04-24,32.32
2017-04-25,32.21
2017-04-26,32.59
2017-04-27,32.71
2017-04-28,32.33
2017-05-01,32.31
2017-05-02,32.06
2017-05-03,32.02
2017-05-04,32.15
2017-05-05,32.26
2017-05-08,32.19
2017-05-09,32.63
2017-05-10,32.63
2017-05-11,32.65
2017-05-12,32.43
2017-05-15,32.79
2017-05-16,32.94
2017-05-17,32.19
2017-05-18,32.46
2017-05-19,32.97
2017-05-22,33.1
2017-05-23,32.73
2017-05-24,32.84
2017-05-25,32.79
2017-05-26,32.6
2017-05-30,32.5
2017-05-31,32.41
2017-06-01,32.86
2017-06-02,33.33
2017-06-05,32.99
2017-06-06,32.87
2017-06-07,32.98
2017-06-08,32.97
2017-06-09,33.03
2017-06-12,33.15
2017-06-13,33.72
2017-06-14,34.0
2017-06-15,33.64
2017-06-16,33.56
2017-06-19,33.88
2017-06-20,34.0
2017-06-21,33.85
2017-06-22,33.56
2017-06-23,33.59
2017-06-26,33.74
2017-06-27,33.49
2017-06-28,34.05
2017-06-29,33.4
2017-06-30,33.94
2017-07-03,33.82
2017-07-05,33.91
2017-07-06,33.59
2017-07-07,34.34
2017-07-10,34.68
2017-07-11,34.38
2017-07-12,34.43
2017-07-13,34.49
2017-07-14,34.55
2017-07-17,34.55
2017-07-18,34.12
2017-07-19,34.42
2017-07-20,34.03
2017-07-21,34.36
2017-07-24,34.22
2017-07-25,34.56
2017-07-26,34.3
2017-07-27,34.2
2017-07-28,33.97
2017-07-31,33.87
2017-08-01,34.42
2017-08-02,34.54
2017-08-03,34.47
2017-08-04,34.82
2017-08-07,34.79
2017-08-08,34.68
2017-08-09,34.7
2017-08-10,33.98
2017-08-11,34.09
2017-08-14,34.57
2017-08-15,34.47
2017-08-16,34.58
2017-08-17,33.93
2017-08-18,33.6
2017-08-21,33.62
2017-08-22,33.66
2017-08-23,33.26
2017-08-24,33.17
2017-08-25,33.51
2017-08-28,33.41
2017-08-29,33.34
2017-08-30,33.55
2017-08-31,34.09
2017-09-01,34.19
2017-09-05,33.95
2017-09-06,34.16
2017-09-07,34.06
2017-09-08,34.53
2017-09-11,34.78
2017-09-12,35.17
2017-09-13,34.8
2017-09-14,34.81
2017-09-15,34.79
2017-09-18,34.97
2017-09-19,35.12
2017-09-20,34.81
2017-09-21,34.89
2017-09-22,35.01
2017-09-25,35.17
2017-09-26,35.44
2017-09-27,35.69
2017-09-28,36.17
2017-09-29,36.54
2017-10-02,36.7
2017-10-03,37.09
2017-10-04,37.38
2017-10-05,37.27
2017-10-06,37.39
2017-10-09,37.38
2017-10-10,37.34
2017-10-11,37.51
2017-10-12,37.46
2017-10-13,37.42
2017-10-16,37.46
2017-10-17,37.44
2017-10-18,37.54
2017-10-19,38.17
2017-10-20,38.53
2017-10-23,38.55
2017-10-24,38.97
2017-10-25,38.73
2017-10-26,39.25
2017-10-27,39.36
2017-10-30,39.27
2017-10-31,39.76
2017-11-01,39.98
2017-11-02,39.01
2017-11-03,39.09
2017-11-06,39.53
2017-11-07,39.43
2017-11-08,39.88
2017-11-09,40.01
2017-11-10,40.02
2017-11-13,40.23
2017-11-14,40.65
2017-11-15,40.33
2017-11-16,40.5
2017-11-17,40.86
2017-11-20,41.16
2017-11-21,41.81
2017-11-22,41.82
2017-11-24,42.03
2017-11-27,41.82
2017-11-28,42.56
2017-11-29,43.01
2017-11-30,42.85
2017-12-01,43.15
2017-12-04,43.39
2017-12-05,42.59
2017-12-06,42.04
2017-12-07,42.45
2017-12-08,42.83
2017-12-11,42.6
2017-12-12,42.27
2017-12-13,42.25
2017-12-14,42.17
2017-12-15,42.59
2017-12-18,43.22
2017-12-19,42.79
2017-12-20,43.12
2017-12-21,43.55
2017-12-22,43.37
2017-12-26,43.56
2017-12-27,43.66
2017-12-28,43.92
2017-12-29,43.72
2018-01-02,43.9
2018-01-03,45.03
2018-01-04,44.68
2018-01-05,45.3
2018-01-08,45.42
2018-01-09,45.4
2018-01-10,44.71
2018-01-11,45.65
2018-01-12,45.71
2018-01-16,44.97
2018-01-17,45.85
2018-01-18,45.5
2018-01-19,46.06
2018-01-22,46.25
2018-01-23,46.13
2018-01-24,45.98
2018-01-25,45.0
2018-01-26,44.83
2018-01-29,43.59
2018-01-30,43.31
2018-01-31,42.88
2018-02-01,42.74
2018-02-02,41.43
2018-02-05,39.72
2018-02-06,41.05
2018-02-07,41.0
2018-02-08,39.33
2018-02-09,39.46
2018-02-12,40.04
2018-02-13,40.04
2018-02-14,40.76
2018-02-15,40.75
2018-02-16,41.27
2018-02-20,40.72
2018-02-21,40.53
2018-02-22,40.25
2018-02-23,40.4
2018-02-26,40.48
2018-02-27,39.45
2018-02-28,38.31
2018-03-01,38.44
2018-03-02,38.58
2018-03-05,38.94
2018-03-06,39.67
2018-03-07,39.68
2018-03-08,39.5
2018-03-09,40.18
2018-03-12,40.43
2018-03-13,40.66
2018-03-14,40.11
2018-03-15,39.61
2018-03-16,39.95
2018-03-19,39.76
2018-03-20,39.57
2018-03-21,40.22
2018-03-22,39.31
2018-03-23,38.89
2018-03-26,39.84
2018-03-27,39.2
2018-03-28,38.99
2018-03-29,39.49
2018-04-02,38.14
2018-04-03,38.72
2018-04-04,40.52
2018-04-05,41.22
2018-04-06,40.22
2018-04-09,39.77
2018-04-10,40.0
2018-04-11,39.42
2018-04-12,39.06
2018-04-13,39.09
2018-04-16,39.47
2018-04-17,39.9
2018-04-18,40.12
2018-04-19,38.96
2018-04-20,38.47
2018-04-23,38.6
2018-04-24,38.28
2018-04-25,38.67
2018-04-26,39.24
2018-04-27,39.34
2018-04-30,38.43
2018-05-01,38.93
2018-05-02,38.42
2018-05-03,38.74
2018-05-04,39.15
2018-05-07,39.15
2018-05-08,39.31
2018-05-09,38.59
2018-05-10,38.76
2018-05-11,38.97
2018-05-14,38.74
2018-05-15,37.27
2018-05-16,37.49
2018-05-17,37.92
2018-05-18,38.46
2018-05-21,38.62
2018-05-22,37.72
2018-05-23,38.31
2018-05-24,38.35
2018-05-25,38.94
2018-05-29,39.06
2018-05-30,38.9
2018-05-31,38.48
2018-06-01,38.64
2018-06-04,38.91
2018-06-05,39.03
2018-06-06,39.36
2018-06-07,39.49
2018-06-08,40.44
2018-06-11,40.31
2018-06-12,40.94
2018-06-13,39.43
2018-06-14,39.55
2018-06-15,39.44
2018-06-18,38.97
2018-06-19,38.92
2018-06-20,38.98
2018-06-21,38.6
2018-06-22,38.17
2018-06-25,37.53
2018-06-26,38.05
2018-06-27,37.51
2018-06-28,37.8
2018-06-29,38.15
2018-07-02,38.11
2018-07-03,38.3
2018-07-05,38.63
2018-07-06,38.78
2018-07-09,39.24
2018-07-10,39.12
2018-07-11,38.82
2018-07-12,38.96
2018-07-13,39.03
2018-07-16,39.03
2018-07-17,39.92
2018-07-18,39.83
2018-07-19,40.09
2018-07-20,39.32
2018-07-23,38.91
2018-07-24,38.14
2018-07-25,37.3
2018-07-26,38.05
2018-07-27,37.64
2018-07-30,37.46
2018-07-31,37.87
2018-08-01,37.64
2018-08-02,37.48
2018-08-03,37.51
2018-08-06,37.62
2018-08-07,38.26
2018-08-08,38.01
2018-08-09,38.35
2018-08-10,37.96
2018-08-13,36.86
2018-08-14,37.26
2018-08-15,37.04
2018-08-16,37.3
2018-08-17,37.35
2018-08-20,37.48
2018-08-21,38.88
2018-08-22,38.42
2018-08-23,37.99
2018-08-24,37.95
2018-08-27,38.39
2018-08-28,38.21
2018-08-29,38.13
2018-08-30,37.7
2018-08-31,37.71
2018-09-04,37.79
2018-09-05,38.14
2018-09-06,37.9
2018-09-07,37.23
2018-09-10,37.51
2018-09-11,37.84
2018-09-12,38.16
2018-09-13,37.73
2018-09-14,37.92
2018-09-17,37.41
2018-09-18,37.76
2018-09-19,37.52
2018-09-20,37.26
2018-09-21,37.02
2018-09-24,36.53
2018-09-25,36.58
2018-09-26,36.01
2018-09-27,35.59
2018-09-28,35.34
2018-10-01,35.21
2018-10-02,35.19
2018-10-03,34.74
2018-10-04,34.14
2018-10-05,33.92
2018-10-08,34.26
2018-10-09,33.38
2018-10-10,32.86
2018-10-11,32.35
2018-10-12,32.04
2018-10-15,31.99
2018-10-16,32.69
2018-10-17,31.96
2018-10-18,31.32
2018-10-19,30.52
2018-10-22,29.9
2018-10-23,30.51
2018-10-24,29.65
2018-10-25,30.45
2018-10-26,30.45
2018-10-29,29.83
2018-10-30,31.16
2018-10-31,31.17
2018-11-01,32.14
2018-11-02,31.87
2018-11-05,32.34
2018-11-06,32.28
2018-11-07,32.33
2018-11-08,31.48
2018-11-09,31.22
2018-11-12,30.73
2018-11-13,31.19
2018-11-14,31.11
2018-11-15,30.44
2018-11-16,31.06
2018-11-19,31.08
2018-11-20,31.07
2018-11-21,31.66
2018-11-23,31.72
2018-11-26,31.89
2018-11-27,31.92
2018-11-28,32.77
2018-11-29,32.46
2018-11-30,32.37
2018-12-03,32.81
2018-12-04,31.25
2018-12-06,31.83
2018-12-07,31.41
2018-12-10,30.78
2018-12-11,30.56
2018-12-12,30.96
2018-12-13,30.71
2018-12-14,30.38
2018-12-17,30.12
2018-12-18,30.61
2018-12-19,30.31
2018-12-20,30.09
2018-12-21,29.14
2018-12-24,28.55
2018-12-26,29.77
2018-12-27,29.97
2018-12-28,29.99
2018-12-31,30.04
2019-01-02,30.38
2019-01-03,30.08
2019-01-04,31.3
2019-01-07,32.1
2019-01-08,32.32
2019-01-09,33.4
2019-01-10,33.19
2019-01-11,33.36
2019-01-14,32.89
2019-01-15,32.89
2019-01-16,32.54
2019-01-17,32.52
2019-01-18,32.52
2019-01-22,31.97
2019-01-23,32.15
2019-01-24,32.68
2019-01-25,32.64
2019-01-28,32.65
2019-01-29,33.1
2019-01-30,33.45
2019-01-31,34.25
2019-02-01,34.12
2019-02-04,34.01
2019-02-05,34.2
2019-02-06,33.57
2019-02-07,33.86
2019-02-08,33.67
2019-02-11,33.74
2019-02-12,35.23
2019-02-13,34.94
2019-02-14,34.86
2019-02-15,35.22
2019-02-19,35.41
2019-02-20,35.19
2019-02-21,35.5
2019-02-22,35.88
2019-02-25,35.62
2019-02-26,35.37
2019-02-27,35.12
2019-02-28,34.6
2019-03-01,34.51
2019-03-04,34.95
2019-03-05,34.34
2019-03-06,34.17
2019-03-07,34.6
2019-03-08,34.63
2019-03-11,35.15
2019-03-12,35.1
2019-03-13,34.79
2019-03-14,34.65
2019-03-15,34.59
2019-03-18,34.73
2019-03-19,34.2
2019-03-20,33.87
2019-03-21,34.64
2019-03-22,34.39
2019-03-25,35.15
2019-03-26,35.12
2019-03-27,35.86
2019-03-28,35.42
2019-03-29,35.24
2019-04-01,35.41
2019-04-02,35.39
2019-04-03,35.75
2019-04-04,36.52
2019-04-05,37.05
2019-04-08,37.07
2019-04-09,36.6
2019-04-10,36.99
2019-04-11,37.37
2019-04-12,37.48
2019-04-15,37.6
2019-04-16,37.79
2019-04-17,37.9
2019-04-18,38.3
2019-04-22,37.95
2019-04-23,38.43
2019-04-24,38.54
2019-04-25,37.74
2019-04-26,37.69
2019-04-29,37.8
2019-04-30,37.96
2019-05-01,37.93
2019-05-02,38.38
2019-05-03,38.64
2019-05-06,38.52
2019-05-07,38.02
2019-05-08,37.65
2019-05-09,38.02
2019-05-10,38.11
2019-05-13,37.58
2019-05-14,38.23
2019-05-15,38.37
2019-05-16,38.73
2019-05-17,38.38
2019-05-20,37.67
2019-05-21,38.24
2019-05-22,37.77
2019-05-23,37.3
2019-05-24,37.97
2019-05-28,37.31
2019-05-29,36.96
2019-05-30,37.09
2019-05-31,36.42
2019-06-03,37.03
2019-06-04,37.91
2019-06-05,38.21
2019-06-06,38.33
2019-06-07,38.78
2019-06-10,38.77
2019-06-11,38.37
2019-06-12,38.38
2019-06-13,38.92
2019-06-14,39.22
2019-06-17,38.82
2019-06-18,38.81
2019-06-19,38.41
2019-06-20,38.96
2019-06-21,38.17
2019-06-24,38.1
2019-06-25,37.17
2019-06-26,37.05
2019-06-27,37.86
2019-06-28,38.22
2019-07-01,38.4
2019-07-02,38.61
2019-07-03,38.95
2019-07-05,38.45
2019-07-08,38.59
2019-07-09,38.35
2019-07-10,38.66
2019-07-11,38.61
2019-07-12,39.27
2019-07-15,39.05
2019-07-16,39.27
2019-07-17,38.85
2019-07-18,38.81
2019-07-19,38.52
2019-07-22,38.24
2019-07-23,37.87
2019-07-24,38.41
2019-07-25,39.17
2019-07-26,38.87
2019-07-29,38.53
2019-07-30,39.37
2019-07-31,38.9
2019-08-01,39.07
2019-08-02,39.03
2019-08-05,38.22
2019-08-06,38.6
2019-08-07,39.29
2019-08-08,39.85
2019-08-09,39.37
2019-08-12,38.92
2019-08-13,39.61
2019-08-14,38.76
2019-08-15,38.62
2019-08-16,39.14
2019-08-19,39.7
2019-08-20,40.1
2019-08-21,40.66
2019-08-22,40.88
2019-08-23,39.84
2019-08-26,40.13
2019-08-27,39.84
2019-08-28,40.2
2019-08-29,40.7
2019-08-30,40.76
2019-09-03,40.53
2019-09-04,41.14
2019-09-05,41.1
2019-09-06,41.29
2019-09-09,41.56
2019-09-10,41.55
2019-09-11,42.07
2019-09-12,42.36
2019-09-13,42.24
2019-09-16,42.03
2019-09-17,42.24
2019-09-18,42.51
2019-09-19,42.48
2019-09-20,42.5
2019-09-23,42.42
2019-09-24,42.36
2019-09-25,42.86
2019-09-26,42.94
2019-09-27,42.66
2019-09-30,43.31
2019-10-01,42.88
2019-10-02,42.57
2019-10-03,42.64
2019-10-04,43.5
2019-10-07,43.3
2019-10-08,43.15
2019-10-09,43.21
2019-10-10,43.18
2019-10-11,43.23
2019-10-14,43.4
2019-10-15,44.0
2019-10-16,44.67
2019-10-17,44.95
2019-10-18,45.27
2019-10-21,44.94
2019-10-22,45.22
2019-10-23,45.17
2019-10-24,45.54
2019-10-25,45.55
2019-10-28,44.78
2019-10-29,44.54
2019-10-30,44.78
2019-10-31,44.65
2019-11-01,45.48
2019-11-04,44.35
2019-11-05,43.96
2019-11-06,44.58
2019-11-07,43.69
2019-11-08,43.91
2019-11-11,44.58
2019-11-12,44.85
2019-11-13,45.07
2019-11-14,45.32
2019-11-15,44.91
2019-11-18,45.37
2019-11-19,45.05
2019-11-20,45.13
2019-11-21,44.71
2019-11-22,44.74
2019-11-25,45.28
2019-11-26,45.89
2019-11-27,45.79
2019-11-29,45.53
2019-12-02,44.84
2019-12-03,44.82
2019-12-04,45.11
2019-12-05,45.67
2019-12-06,45.31
2019-12-09,45.56
2019-12-10,45.31
2019-12-11,45.77
2019-12-12,45.07
2019-12-13,45.22
2019-12-16,45.16
2019-12-17,44.81
2019-12-18,44.37
2019-12-19,43.99
2019-12-20,44.77
2019-12-23,44.27
2019-12-24,44.67
2019-12-26,44.51
2019-12-27,44.45
2019-12-30,44.32
2019-12-31,44.42
2020-01-02,44.31
2020-01-03,44.44
2020-01-06,44.84
2020-01-07,44.73
2020-01-08,45.15
2020-01-09,45.12
2020-01-10,45.41
2020-01-13,45.71
2020-01-14,46.03
2020-01-15,46.83
2020-01-16,47.07
2020-01-17,47.2
2020-01-21,47.8
2020-01-22,48.13
2020-01-23,49.0
2020-01-24,48.41
2020-01-27,48.41
2020-01-28,49.32
2020-01-29,48.71
2020-01-30,48.62
2020-01-31,47.5
2020-02-03,47.79
2020-02-04,47.66
2020-02-05,48.8
2020-02-06,48.83
2020-02-07,48.92
2020-02-10,49.41
2020-02-11,49.73
2020-02-12,49.7
2020-02-13,49.78
2020-02-14,49.89
2020-02-18,49.67
2020-02-19,49.87
2020-02-20,50.4
2020-02-21,50.14
2020-02-24,49.12
2020-02-25,47.14
2020-02-26,45.87
2020-02-27,44.7
2020-02-28,43.41
2020-03-02,44.99
2020-03-03,45.26
2020-03-04,47.49
2020-03-05,45.89
2020-03-06,44.42
2020-03-09,40.36
2020-03-10,42.01
2020-03-11,38.46
2020-03-12,33.49
2020-03-13,34.32
2020-03-16,27.39
2020-03-17,26.95
2020-03-18,24.37
2020-03-19,26.08
2020-03-20,25.42
2020-03-23,24.14
2020-03-24,28.16
2020-03-25,30.61
2020-03-26,31.94
2020-03-27,30.53
2020-03-30,30.22
2020-03-31,28.93
2020-04-01,26.58
2020-04-02,26.35
2020-04-03,25.75
2020-04-06,29.33
2020-04-07,29.85
2020-04-08,32.33
2020-04-09,33.49
2020-04-13,31.47
2020-04-14,32.46
2020-04-15,30.65
2020-04-16,30.69
2020-04-17,32.17
2020-04-20,30.88
2020-04-21,30.5
2020-04-22,30.88
2020-04-23,31.03
2020-04-24,32.32
2020-04-27,33.84
2020-04-28,36.05
2020-04-29,38.06
2020-04-30,36.52
2020-05-01,35.82
2020-05-04,36.04
2020-05-05,36.82
2020-05-06,36.6
2020-05-07,36.88
2020-05-08,38.63
2020-05-11,38.06
2020-05-12,36.51
2020-05-13,35.27
2020-05-14,35.69
2020-05-15,36.58
2020-05-18,40.04
2020-05-19,40.0
2020-05-20,40.28
2020-05-21,41.08
2020-05-22,41.85
2020-05-26,43.19
2020-05-27,45.36
2020-05-28,43.37
2020-05-29,43.25
2020-06-01,43.34
2020-06-02,43.91
2020-06-03,45.51
2020-06-04,44.28
2020-06-05,46.19
2020-06-08,45.62
2020-06-09,45.29
2020-06-10,45.13
2020-06-11,41.19
2020-06-12,42.53
2020-06-15,44.44
2020-06-16,45.67
2020-06-17,45.39
2020-06-18,44.53
2020-06-19,43.8
2020-06-22,44.25
2020-06-23,44.54
2020-06-24,43.0
2020-06-25,42.72
2020-06-26,41.93
2020-06-29,43.43
2020-06-30,44.15
2020-07-01,43.11
2020-07-02,43.34
2020-07-06,44.5
2020-07-07,44.19
2020-07-08,45.77
2020-07-09,44.49
2020-07-10,45.21
2020-07-13,44.17
2020-07-14,45.86
2020-07-15,46.98
2020-07-16,47.86
2020-07-17,48.07
2020-07-20,48.03
2020-07-21,48.01
2020-07-22,49.88
2020-07-23,49.83
2020-07-24,49.96
2020-07-27,51.9
2020-07-28,50.47
2020-07-29,52.08
2020-07-30,51.92
2020-07-31,51.66
2020-08-03,52.48
2020-08-04,52.02
2020-08-05,52.58
2020-08-06,52.5
2020-08-07,52.65
2020-08-10,53.47
2020-08-11,53.05
2020-08-12,54.19
2020-08-13,54.36
2020-08-14,54.11
2020-08-17,55.64
2020-08-18,55.61
2020-08-19,55.43
2020-08-20,55.39
2020-08-21,56.59
2020-08-24,56.77
2020-08-25,56.33
2020-08-26,55.98
2020-08-27,55.25
2020-08-28,55.3
2020-08-31,54.57
2020-09-01,56.2
2020-09-02,56.36
2020-09-03,54.07
2020-09-04,52.86
2020-09-08,52.61
2020-09-09,54.32
2020-09-10,54.0
2020-09-11,54.89
2020-09-14,55.79
2020-09-15,55.13
2020-09-16,56.55
2020-09-17,55.73
2020-09-18,55.2
2020-09-21,54.2
2020-09-22,55.9
2020-09-23,53.65
2020-09-24,54.21
2020-09-25,54.19
2020-09-28,56.23
2020-09-29,55.61
2020-09-30,56.65
2020-10-01,57.76
2020-10-02,58.08
2020-10-05,58.01
2020-10-06,56.98
2020-10-07,57.61
2020-10-08,59.1
2020-10-09,59.57
2020-10-12,59.89
2020-10-13,59.37
2020-10-14,59.27
2020-10-15,59.98
2020-10-16,59.35
2020-10-19,58.06
2020-10-20,58.54
2020-10-21,56.79
2020-10-22,55.35
2020-10-23,56.55
2020-10-26,54.48
2020-10-27,53.53
2020-10-28,53.19
2020-10-29,52.76
2020-10-30,52.02
2020-11-02,53.65
2020-11-03,54.53
2020-11-04,57.31
2020-11-05,57.36
2020-11-06,55.88
2020-11-09,51.98
2020-11-10,54.56
2020-11-11,55.45
2020-11-12,54.41
2020-11-13,55.58
2020-11-16,56.25
2020-11-17,56.2
2020-11-18,56.21
2020-11-19,56.51
2020-11-20,56.24
2020-11-23,57.7
2020-11-24,56.7
2020-11-25,56.79
2020-11-27,56.95
2020-11-30,55.93
2020-12-01,55.16
2020-12-02,53.71
2020-12-03,55.37
2020-12-04,54.72
2020-12-07,55.92
2020-12-08,54.55
2020-12-09,54.77
2020-12-10,54.86
2020-12-11,54.76
2020-12-14,54.94
2020-12-15,55.62
2020-12-16,55.61
2020-12-17,57.78
2020-12-18,58.04
2020-12-21,57.67
2020-12-22,57.9
2020-12-23,57.07
2020-12-24,58.0
2020-12-28,56.88
2020-12-29,56.47
2020-12-30,56.61
2020-12-31,55.8
2021-01-04,54.82
2021-01-05,54.6
2021-01-06,55.17
2021-01-07,56.77
2021-01-08,55.24
2021-01-11,56.18
2021-01-12,56.69
2021-01-13,56.5
2021-01-14,56.61
2021-01-15,56.95
2021-01-19,58.06
2021-01-20,60.48
2021-01-21,61.38
2021-01-22,62.0
2021-01-25,62.26
2021-01-26,61.28
2021-01-27,59.84
2021-01-28,59.89
2021-01-29,58.97
2021-02-01,59.97
2021-02-02,60.69
2021-02-03,60.53
2021-02-04,61.34
2021-02-05,63.03
2021-02-08,64.9
2021-02-09,64.2
2021-02-10,64.25
2021-02-11,64.87
2021-02-12,64.43
2021-02-16,62.49
2021-02-17,62.42
2021-02-18,62.0
2021-02-19,62.87
2021-02-22,61.56
2021-02-23,61.62
2021-02-24,62.17
2021-02-25,58.95
2021-02-26,60.13
2021-03-01,61.07
2021-03-02,61.48
2021-03-03,59.65
2021-03-04,58.68
2021-03-05,61.32
2021-03-08,62.57
2021-03-09,62.75
2021-03-10,64.56
2021-03-11,64.54
2021-03-12,63.76
2021-03-15,65.36
2021-03-16,64.67
2021-03-17,67.16
2021-03-18,64.24
2021-03-19,65.03
2021-03-22,65.47
2021-03-23,64.05
2021-03-24,64.16
2021-03-25,66.03
2021-03-26,68.53
2021-03-29,66.88
2021-03-30,68.0
2021-03-31,67.86
2021-04-01,69.36
2021-04-05,70.2
2021-04-06,70.68
2021-04-07,69.66
2021-04-08,69.42
2021-04-09,71.21
2021-04-12,71.54
2021-04-13,70.96
2021-04-14,70.87
2021-04-15,71.13
2021-04-16,72.94
2021-04-19,72.32
2021-04-20,70.36
2021-04-21,71.07
2021-04-22,70.97
2021-04-23,72.09
2021-04-26,72.94
2021-04-27,73.29
2021-04-28,73.18
2021-04-29,74.45
2021-04-30,73.22
2021-05-03,74.93
2021-05-04,75.48
2021-05-05,75.3
2021-05-06,75.5
2021-05-07,77.03
2021-05-10,77.09
2021-05-11,74.09
2021-05-12,69.69
2021-05-13,71.98
2021-05-14,72.83
2021-05-17,71.94
2021-05-18,70.1
2021-05-19,69.52
2021-05-20,69.96
2021-05-21,69.34
2021-05-24,69.69
2021-05-25,70.57
2021-05-26,71.78
2021-05-27,72.0
2021-05-28,71.92
2021-06-01,71.84
2021-06-02,70.67
2021-06-03,69.76
2021-06-04,70.59
2021-06-07,70.25
2021-06-08,70.65
2021-06-09,69.3
2021-06-10,67.47
2021-06-11,68.14
2021-06-14,67.28
2021-06-15,67.62
2021-06-16,66.57
2021-06-17,67.03
2021-06-18,67.33
2021-06-21,68.21
2021-06-22,68.57
2021-06-23,67.87
2021-06-24,68.03
2021-06-25,68.1
2021-06-28,68.6
2021-06-29,69.17
2021-06-30,69.22
2021-07-01,70.45
2021-07-02,70.05
2021-07-06,69.01
2021-07-07,70.1
2021-07-08,67.81
2021-07-09,68.57
2021-07-12,68.49
2021-07-13,66.76
2021-07-14,66.83
2021-07-15,66.84
2021-07-16,66.32
2021-07-19,66.08
2021-07-20,67.74
2021-07-21,68.83
2021-07-22,68.42
2021-07-23,70.25
2021-07-26,69.47
2021-07-27,69.64
2021-07-28,69.21
2021-07-29,71.72
2021-07-30,71.56
2021-08-02,71.68
2021-08-03,72.61
2021-08-04,71.59
2021-08-05,72.05
2021-08-06,71.51
2021-08-09,71.13
2021-08-10,72.05
2021-08-11,74.05
2021-08-12,73.49
2021-08-13,73.44
2021-08-16,73.8
2021-08-17,71.19
2021-08-18,71.03
2021-08-19,70.81
2021-08-20,72.13
2021-08-23,71.9
2021-08-24,72.89
2021-08-25,73.64
2021-08-26,72.64
2021-08-27,73.8
2021-08-30,73.6
2021-08-31,73.14
2021-09-01,73.85
2021-09-02,73.83
2021-09-03,73.0
2021-09-07,72.21
2021-09-08,70.73
2021-09-09,70.58
2021-09-10,70.4
2021-09-13,70.32
2021-09-14,69.25
2021-09-15,69.66
2021-09-16,70.4
2021-09-17,70.54
2021-09-20,68.81
2021-09-21,68.6
2021-09-22,69.23
2021-09-23,69.3
2021-09-24,69.08
2021-09-27,69.67
2021-09-28,67.68
2021-09-29,68.15
2021-09-30,66.18
2021-10-01,66.41
2021-10-04,66.2
2021-10-05,66.31
2021-10-06,66.71
2021-10-07,67.7
2021-10-08,67.12
2021-10-11,67.06
2021-10-12,67.33
2021-10-13,67.73
2021-10-14,69.58
2021-10-15,69.15
2021-10-18,70.3
2021-10-19,70.19
2021-10-20,71.39
2021-10-21,71.37
2021-10-22,71.28
2021-10-25,71.81
2021-10-26,71.44
2021-10-27,71.14
2021-10-28,72.13
2021-10-29,71.95
2021-11-01,72.74
2021-11-02,71.88
2021-11-03,72.68
2021-11-04,73.28
2021-11-05,74.32
2021-11-08,74.46
2021-11-09,76.23
2021-11-10,74.82
2021-11-11,75.43
2021-11-12,76.68
2021-11-15,76.3
2021-11-16,77.59
2021-11-17,78.2
2021-11-18,78.24
2021-11-19,78.55
2021-11-22,78.33
2021-11-23,78.84
2021-11-24,78.56
2021-11-26,76.85
2021-11-29,77.09
2021-11-30,75.58
2021-12-01,76.08
2021-12-02,79.26
2021-12-03,78.77
2021-12-06,80.89
2021-12-07,81.61
2021-12-08,82.12
2021-12-09,81.85
2021-12-10,83.04
2021-12-13,81.29
2021-12-14,80.07
2021-12-15,81.47
2021-12-16,79.63
2021-12-17,77.71
2021-12-20,76.53
2021-12-21,78.54
2021-12-22,80.13
2021-12-23,80.3
2021-12-27,81.43
2021-12-28,81.88
2021-12-29,82.87
2021-12-30,82.17
2021-12-31,82.92
2022-01-03,80.69
2022-01-04,81.62
2022-01-05,79.67
2022-01-06,78.82
2022-01-07,75.25
2022-01-10,75.53
2022-01-11,77.1
2022-01-12,77.17
2022-01-13,77.95
2022-01-14,76.69
2022-01-18,73.61
2022-01-19,71.73
2022-01-20,70.05
2022-01-21,69.25
2022-01-24,71.88
2022-01-25,70.5
2022-01-26,68.26
2022-01-27,67.25
2022-01-28,68.86
2022-01-31,70.61
2022-02-01,70.83
2022-02-02,71.77
2022-02-03,70.15
2022-02-04,67.67
2022-02-07,67.98
2022-02-08,69.22
2022-02-09,70.68
2022-02-10,67.97
2022-02-11,67.12
2022-02-14,66.91
2022-02-15,68.09
2022-02-16,68.5
2022-02-17,66.69
2022-02-18,66.82
2022-02-22,64.33
2022-02-23,62.22
2022-02-24,64.35
2022-02-25,66.64
2022-02-28,66.79
2022-03-01,66.4
2022-03-02,68.16
2022-03-03,66.95
2022-03-04,66.33
2022-03-07,62.84
2022-03-08,62.95
2022-03-09,65.05
2022-03-10,64.9
2022-03-11,64.15
2022-03-14,62.58
2022-03-15,64.85
2022-03-16,65.89
2022-03-17,66.89
2022-03-18,68.1
2022-03-21,65.83
2022-03-22,65.9
2022-03-23,63.23
2022-03-24,62.19
2022-03-25,61.31
2022-03-28,61.62
2022-03-29,63.64
2022-03-30,61.75
2022-03-31,59.26
2022-04-01,59.89
2022-04-04,60.49
2022-04-05,58.68
2022-04-06,57.13
2022-04-07,56.84
2022-04-08,57.13
2022-04-11,57.65
2022-04-12,57.52
2022-04-13,58.66
2022-04-14,57.68
2022-04-18,57.09
2022-04-19,59.22
2022-04-20,59.75
2022-04-21,59.01
2022-04-22,57.39
2022-04-25,59.21
2022-04-26,58.29
2022-04-27,57.58
2022-04-28,59.66
2022-04-29,57.75
2022-05-02,58.76
2022-05-03,59.57
2022-05-04,62.4
2022-05-05,59.43
2022-05-06,58.81
2022-05-09,58.54
2022-05-10,57.33
2022-05-11,55.01
2022-05-12,57.17
2022-05-13,58.29
2022-05-16,57.88
2022-05-17,59.44
2022-05-18,56.22
2022-05-19,56.54
2022-05-20,57.03
2022-05-23,56.71
2022-05-24,55.14
2022-05-25,57.45
2022-05-26,59.76
2022-05-27,60.95
2022-05-31,60.36
2022-06-01,59.75
2022-06-02,60.83
2022-06-03,60.52
2022-06-06,60.69
2022-06-07,60.89
2022-06-08,59.51
2022-06-09,59.31
2022-06-10,56.53
2022-06-13,53.45
2022-06-14,52.98
2022-06-15,52.84
2022-06-16,49.13
2022-06-17,49.16
2022-06-21,49.51
2022-06-22,50.12
2022-06-23,52.33
2022-06-24,53.54
2022-06-27,53.75
2022-06-28,52.37
2022-06-29,52.25
2022-06-30,52.5
2022-07-01,54.85
2022-07-05,56.46
2022-07-06,56.0
2022-07-07,56.68
2022-07-08,56.94
2022-07-11,56.91
2022-07-12,57.28
2022-07-13,57.48
2022-07-14,56.96
2022-07-15,57.41
2022-07-18,57.07
2022-07-19,58.59
2022-07-20,58.65
2022-07-21,60.06
2022-07-22,60.67
2022-07-25,59.67
2022-07-26,58.83
2022-07-27,60.02
2022-07-28,60.81
2022-07-29,61.08
2022-08-01,61.61
2022-08-02,59.2
2022-08-03,59.42
2022-08-04,60.76
2022-08-05,60.46
2022-08-08,61.35
2022-08-09,59.24
2022-08-10,61.56
2022-08-11,62.0
2022-08-12,62.91
2022-08-15,62.6
2022-08-16,62.95
2022-08-17,61.87
2022-08-18,61.92
2022-08-19,60.14
2022-08-22,58.8
2022-08-23,58.5
2022-08-24,59.32
2022-08-25,60.37
2022-08-26,57.66
2022-08-29,57.33
2022-08-30,56.81
2022-08-31,56.04
2022-09-01,55.8
2022-09-02,55.6
2022-09-06,54.75
2022-09-07,56.11
2022-09-08,56.53
2022-09-09,57.66
2022-09-12,58.13
2022-09-13,54.35
2022-09-14,53.74
2022-09-15,53.65
2022-09-16,54.29
2022-09-19,55.51
2022-09-20,54.42
2022-09-21,53.75
2022-09-22,53.09
2022-09-23,53.17
2022-09-26,51.43
2022-09-27,51.41
2022-09-28,54.0
2022-09-29,52.4
2022-09-30,52.04
2022-10-03,54.16
2022-10-04,56.59
2022-10-05,56.02
2022-10-06,56.27
2022-10-07,54.8
2022-10-10,54.79
2022-10-11,54.8
2022-10-12,53.79
2022-10-13,53.77
2022-10-14,51.92
2022-10-17,53.09
2022-10-18,54.57
2022-10-19,51.71
2022-10-20,50.75
2022-10-21,52.31
2022-10-24,53.1
2022-10-25,55.79
2022-10-26,55.37
2022-10-27,55.49
2022-10-28,56.97
2022-10-31,56.28
2022-11-01,56.1
2022-11-02,53.96
2022-11-03,52.97
2022-11-04,54.06
2022-11-07,54.4
2022-11-08,54.34
2022-11-09,54.08
2022-11-10,60.03
2022-11-11,60.58
2022-11-14,58.43
2022-11-15,60.02
2022-11-16,59.35
2022-11-17,58.37
2022-11-18,58.51
2022-11-21,58.02
2022-11-22,59.4
2022-11-23,60.05
2022-11-25,60.03
2022-11-28,59.07
2022-11-29,59.54
2022-11-30,60.88
2022-12-01,61.7
2022-12-02,61.29
2022-12-05,60.19
2022-12-06,59.37
2022-12-07,60.88
2022-12-08,61.1
2022-12-09,60.64
2022-12-12,61.42
2022-12-13,62.36
2022-12-14,62.18
2022-12-15,62.84
2022-12-16,61.93
2022-12-19,60.73
2022-12-20,60.27
2022-12-21,61.4
2022-12-22,61.12
2022-12-23,61.03
2022-12-27,60.94
2022-12-28,59.65
2022-12-29,61.01
2022-12-30,60.61
2023-01-03,61.44
2023-01-04,62.8
2023-01-05,62.53
2023-01-06,63.74
2023-01-09,63.63
2023-01-10,64.24
2023-01-11,65.96
2023-01-12,66.2
2023-01-13,66.54
2023-01-17,66.31
2023-01-18,65.96
2023-01-19,64.27
2023-01-20,65.69
2023-01-23,66.43
2023-01-24,66.96
2023-01-25,67.01
2023-01-26,67.25
2023-01-27,67.66
2023-01-30,66.5
2023-01-31,69.57
2023-02-01,70.99
2023-02-02,73.21
2023-02-03,71.51
2023-02-06,70.29
2023-02-07,71.04
2023-02-08,69.47
2023-02-09,69.25
2023-02-10,69.44
2023-02-13,71.08
2023-02-14,70.53
2023-02-15,70.81
2023-02-16,69.82
2023-02-17,68.65
2023-02-21,65.92
2023-02-22,66.58
2023-02-23,67.39
2023-02-24,66.85
2023-02-27,67.27
2023-02-28,67.67
2023-03-01,66.89
2023-03-02,67.28
2023-03-03,68.54
2023-03-06,67.7
2023-03-07,67.15
2023-03-08,68.17
2023-03-09,67.62
2023-03-10,66.35
2023-03-13,66.54
2023-03-14,67.61
2023-03-15,66.8
2023-03-16,68.34
2023-03-17,67.74
2023-03-20,67.88
2023-03-21,68.57
2023-03-22,67.55
2023-03-23,67.64
2023-03-24,67.98
2023-03-27,67.76
2023-03-28,68.05
2023-03-29,68.49
2023-03-30,68.38
2023-03-31,70.29
2023-04-03,70.51
2023-04-04,69.25
2023-04-05,68.8
2023-04-06,67.91
2023-04-10,68.59
2023-04-11,70.31
2023-04-12,70.15
2023-04-13,70.12
2023-04-14,70.37
2023-04-17,71.09
2023-04-18,72.72
2023-04-19,72.92
2023-04-20,74.18
2023-04-21,73.92
2023-04-24,74.62
2023-04-25,73.79
2023-04-26,72.44
2023-04-27,74.47
2023-04-28,75.79
2023-05-01,75.17
2023-05-02,75.08
2023-05-03,75.76
2023-05-04,74.5
2023-05-05,75.51
2023-05-08,75.95
2023-05-09,75.99
2023-05-10,76.03
2023-05-11,76.12
2023-05-12,75.67
2023-05-15,76.06
2023-05-16,75.97
2023-05-17,76.77
2023-05-18,77.69
2023-05-19,76.27
2023-05-22,75.11
2023-05-23,73.6
2023-05-24,73.67
2023-05-25,73.96
2023-05-26,74.05
2023-05-30,74.17
2023-05-31,73.16
2023-06-01,74.18
2023-06-02,76.97
2023-06-05,76.49
2023-06-06,78.89
2023-06-07,78.99
2023-06-08,78.73
2023-06-09,78.76
2023-06-12,79.89
2023-06-13,80.42
2023-06-14,79.22
2023-06-15,80.81
2023-06-16,80.73
2023-06-20,81.54
2023-06-21,82.02
2023-06-22,81.84
2023-06-23,82.23
2023-06-26,82.27
2023-06-27,84.88
2023-06-28,84.67
2023-06-29,84.72
2023-06-30,85.44
2023-07-03,84.98
2023-07-05,84.04
2023-07-06,81.76
2023-07-07,81.94
2023-07-10,84.23
2023-07-11,84.9
2023-07-12,87.15
2023-07-13,87.85
2023-07-14,88.92
2023-07-17,88.62
2023-07-18,88.88
2023-07-19,88.85
2023-07-20,86.5
2023-07-21,86.81
2023-07-24,87.34
2023-07-25,88.56
2023-07-26,88.64
2023-07-27,87.81
2023-07-28,88.94
2023-07-31,88.77
2023-08-01,89.31
2023-08-02,88.32
2023-08-03,86.83
2023-08-04,88.07
2023-08-07,89.08
2023-08-08,88.92
2023-08-09,88.23
2023-08-10,87.27
2023-08-11,87.19
2023-08-14,87.83
2023-08-15,88.45
2023-08-16,86.7
2023-08-17,82.98
2023-08-18,83.41
2023-08-21,82.74
2023-08-22,83.38
2023-08-23,84.33
2023-08-24,83.09
2023-08-25,82.19
2023-08-28,82.89
2023-08-29,84.87
2023-08-30,86.07
2023-08-31,86.24
2023-09-01,87.49
2023-09-05,83.48
2023-09-06,84.34
2023-09-07,84.97
2023-09-08,84.59
2023-09-11,85.21
2023-09-12,83.37
2023-09-13,82.49
2023-09-14,83.76
2023-09-15,81.41
2023-09-18,81.75
2023-09-19,81.88
2023-09-20,81.11
2023-09-21,78.76
2023-09-22,78.88
2023-09-25,79.06
2023-09-26,77.76
2023-09-27,77.95
2023-09-28,79.25
2023-09-29,78.49
2023-10-02,77.7
2023-10-03,75.33
2023-10-04,76.4
2023-10-05,76.0
2023-10-06,76.35
2023-10-09,77.19
2023-10-10,78.14
2023-10-11,79.03
2023-10-12,75.38
2023-10-13,75.5
2023-10-16,76.17
2023-10-17,76.3
2023-10-18,74.23
2023-10-19,72.87
2023-10-20,72.34
2023-10-23,72.86
2023-10-24,72.57
2023-10-25,71.4
2023-10-26,72.17
2023-10-27,71.83
2023-10-30,72.39
2023-10-31,73.52
2023-11-01,76.1
2023-11-02,78.7
2023-11-03,81.24
2023-11-06,80.37
2023-11-07,81.37
2023-11-08,81.33
2023-11-09,80.21
2023-11-10,81.99
2023-11-13,81.6
2023-11-14,86.65
2023-11-15,86.15
2023-11-16,86.12
2023-11-17,86.69
2023-11-20,87.04
2023-11-21,86.06
2023-11-22,86.44
2023-11-24,86.75
2023-11-27,86.47
2023-11-28,85.92
2023-11-29,86.69
2023-11-30,86.91
2023-12-01,89.53
2023-12-04,89.98
2023-12-05,89.82
2023-12-06,91.34
2023-12-07,92.41
2023-12-08,93.46
2023-12-11,93.59
2023-12-12,93.71
2023-12-13,96.63
2023-12-14,102.59
2023-12-15,100.92
2023-12-18,99.96
2023-12-19,101.38
2023-12-20,100.1
2023-12-21,101.18
2023-12-22,101.44
2023-12-26,101.99
2023-12-27,102.47
2023-12-28,102.14
2023-12-29,101.73
2024-01-02,100.49
2024-01-03,98.24
2024-01-04,97.74
2024-01-05,98.55
2024-01-08,100.55
2024-01-09,100.19
2024-01-10,101.83
2024-01-11,102.24
2024-01-12,101.23
2024-01-16,100.62
2024-01-17,100.02
2024-01-18,101.28
2024-01-19,102.41
2024-01-22,104.35
2024-01-23,99.29
2024-01-24,97.53
2024-01-25,99.68
2024-01-26,99.61
2024-01-29,100.63
2024-01-30,101.17
2024-01-31,99.98
2024-02-01,102.25
2024-02-02,102.1
2024-02-05,100.71
2024-02-06,100.76
2024-02-07,102.12
2024-02-08,103.1
2024-02-09,103.18
2024-02-12,105.48
2024-02-13,101.67
2024-02-14,103.69
2024-02-15,104.33
2024-02-16,102.43
2024-02-20,102.5
2024-02-21,103.1
2024-02-22,104.78
2024-02-23,105.72
2024-02-26,105.72
2024-02-27,106.21
2024-02-28,106.04
2024-02-29,107.9
2024-03-01,109.64
2024-03-04,109.23
2024-03-05,107.99
2024-03-06,108.97
2024-03-07,110.69
2024-03-08,109.77
2024-03-11,108.92
2024-03-12,110.17
2024-03-13,110.83
2024-03-14,107.33
2024-03-15,108.13
2024-03-18,107.79
2024-03-19,109.94
2024-03-20,112.24
2024-03-21,114.19
2024-03-22,113.86
2024-03-25,113.1
2024-03-26,112.71
2024-03-27,114.54
2024-03-28,115.77
2024-04-01,113.96
2024-04-02,110.71
2024-04-03,111.94
2024-04-04,110.32
2024-04-05,111.87
2024-04-08,111.45
2024-04-09,111.78
2024-04-10,106.53
2024-04-11,107.51
2024-04-12,107.26
2024-04-15,105.49
2024-04-16,103.58
2024-04-17,102.93
2024-04-18,103.0
2024-04-19,102.36
2024-04-22,103.17
2024-04-23,106.0
2024-04-24,104.74
2024-04-25,104.41
2024-04-26,105.65
2024-04-29,106.21
2024-04-30,103.85
2024-05-01,104.07
2024-05-02,105.57
2024-05-03,107.37
2024-05-06,108.87
2024-05-07,107.94
2024-05-08,106.64
2024-05-09,108.37
2024-05-10,108.57
2024-05-13,107.45
2024-05-14,108.1
2024-05-15,112.13
2024-05-16,108.69
2024-05-17,108.69
2024-05-20,108.19
2024-05-21,107.44
2024-05-22,104.55
2024-05-23,103.63
2024-05-24,104.81
2024-05-28,103.56
2024-05-29,102.46
2024-05-30,104.64
2024-05-31,106.17
2024-06-03,105.25
2024-06-04,103.25
2024-06-05,105.15
2024-06-06,103.86
2024-06-07,102.08
2024-06-10,103.03
2024-06-11,101.62
2024-06-12,104.95
2024-06-13,105.06
2024-06-14,103.93
2024-06-17,104.77
2024-06-18,102.92
2024-06-20,102.37
2024-06-21,102.78
2024-06-24,103.41
2024-06-25,100.52
2024-06-26,100.75
2024-06-27,100.89
2024-06-28,101.06
2024-07-01,98.55
2024-07-02,97.89
2024-07-03,98.15
2024-07-05,97.52
2024-07-08,98.56
2024-07-09,98.23
2024-07-10,100.34
2024-07-11,106.56
2024-07-12,108.58
2024-07-15,108.48
2024-07-16,114.9
2024-07-17,112.47
2024-07-18,114.55
2024-07-19,114.29
2024-07-22,115.99
2024-07-23,116.37
2024-07-24,113.02
2024-07-25,115.14
2024-07-26,119.1
2024-07-29,120.05
2024-07-30,121.11
2024-07-31,120.59
2024-08-01,117.96
2024-08-02,115.88
2024-08-05,112.61
2024-08-06,112.86
2024-08-07,109.61
2024-08-08,111.51
2024-08-09,111.98
2024-08-12,111.16
2024-08-13,113.08
2024-08-14,112.59
2024-08-15,114.09
2024-08-16,114.11
2024-08-19,116.1
2024-08-20,115.31
2024-08-21,118.69
2024-08-22,118.12
2024-08-23,123.15
2024-08-26,121.75
2024-08-27,120.53
2024-08-28,119.94
2024-08-29,119.53
2024-08-30,120.98
2024-09-03,117.72
2024-09-04,117.59
2024-09-05,116.78
2024-09-06,117.36
2024-09-09,117.85
2024-09-10,118.46
2024-09-11,117.81
2024-09-12,120.38
2024-09-13,123.97
2024-09-16,124.72
2024-09-17,125.73
2024-09-18,125.56
2024-09-19,128.58
2024-09-20,125.59
2024-09-23,126.64
2024-09-24,126.52
2024-09-25,124.24
2024-09-26,124.87
2024-09-27,126.77
2024-09-30,127.1
2024-10-01,127.56
2024-10-02,126.37
2024-10-03,126.02
2024-10-04,123.72
2024-10-07,123.53
2024-10-08,124.46
2024-10-09,124.78
2024-10-10,122.94
2024-10-11,123.72
2024-10-14,126.33
2024-10-15,127.16
2024-10-16,128.87
2024-10-17,127.81
2024-10-18,129.34
2024-10-21,124.87
2024-10-22,120.69
2024-10-23,120.33
2024-10-24,121.63
2024-10-25,119.8
2024-10-28,120.95
2024-10-29,117.5
2024-10-30,117.74
2024-10-31,117.22
2024-11-01,117.15
2024-11-04,118.89
2024-11-05,121.58
2024-11-06,119.0
2024-11-07,120.02
2024-11-08,121.09
2024-11-11,121.52
2024-11-12,118.1
2024-11-13,118.08
2024-11-14,118.92
2024-11-15,117.72
2024-11-18,117.48
2024-11-19,117.28
2024-11-20,117.5
2024-11-21,118.45
2024-11-22,120.31
2024-11-25,126.43
2024-11-26,123.76
2024-11-27,123.78
2024-11-29,123.82
2024-12-02,123.34
2024-12-03,123.12
2024-12-04,120.47
2024-12-05,118.96
2024-12-06,118.98
2024-12-09,119.95
2024-12-10,117.19
2024-12-11,116.28
2024-12-12,114.75
2024-12-13,113.02
2024-12-16,111.79
2024-12-17,110.68
2024-12-18,106.15
2024-12-19,103.41
2024-12-20,104.51
2024-12-23,104.48
2024-12-24,104.97
2024-12-26,104.95
2024-12-27,103.84
2024-12-30,103.31
2024-12-31,103.39
2025-01-02,102.06
2025-01-03,103.31
2025-01-06,103.0
2025-01-07,101.59
2025-01-08,102.78
2025-01-10,100.66
2025-01-13,102.33
2025-01-14,105.31
2025-01-15,107.98
2025-01-16,108.81
2025-01-17,109.24
2025-01-21,109.2
2025-01-22,109.72
2025-01-23,109.78
2025-01-24,108.76
2025-01-27,111.45
2025-01-28,109.17
2025-01-29,107.38
2025-01-30,110.11
2025-01-31,107.25
2025-02-03,104.44
2025-02-04,105.44
2025-02-05,106.51
2025-02-06,105.99
2025-02-07,102.72
2025-02-10,103.14
2025-02-11,103.65
2025-02-12,101.71
2025-02-13,102.93
2025-02-14,103.33
2025-02-18,102.1
2025-02-19,100.52
2025-02-20,100.79
2025-02-21,98.31
2025-02-24,97.85
2025-02-25,101.0
2025-02-26,99.78
2025-02-27,98.39
2025-02-28,98.84
2025-03-03,97.13
2025-03-04,96.57
2025-03-05,98.94
2025-03-06,100.21
2025-03-07,99.94
2025-03-10,99.62
2025-03-11,97.43
2025-03-12,96.33
2025-03-13,93.86
2025-03-14,95.41
2025-03-17,95.96
2025-03-18,94.95
2025-03-19,96.48
2025-03-20,96.45
2025-03-21,94.83
2025-03-24,97.59
2025-03-25,97.12
2025-03-26,96.96
2025-03-27,96.84
2025-03-28,94.37
2025-03-31,95.21
2025-04-01,95.22
2025-04-02,96.61
2025-04-03,90.76
2025-04-04,92.55
2025-04-07,88.73
2025-04-08,85.52
2025-04-09,91.0
2025-04-10,88.3
2025-04-11,89.24
2025-04-14,89.97
2025-04-15,89.13
2025-04-16,87.28
2025-04-17,89.07
2025-04-21,87.48
2025-04-22,90.64
2025-04-23,90.51
2025-04-24,92.15
2025-04-25,91.26
2025-04-28,91.41
2025-04-29,91.59
2025-04-30,92.09
2025-05-01,91.87
2025-05-02,93.66
2025-05-05,92.89
2025-05-06,90.95
2025-05-07,91.13
2025-05-08,92.72
2025-05-09,92.05
2025-05-12,95.99
2025-05-13,96.14
2025-05-14,93.26
2025-05-15,94.05
2025-05-16,95.42
2025-05-19,94.52
2025-05-20,93.15
2025-05-21,90.55
2025-05-22,90.15
2025-05-23,89.74
2025-05-27,91.57
2025-05-28,89.05
2025-05-29,89.71
2025-05-30,89.48
2025-06-02,88.5
2025-06-03,89.94
2025-06-04,91.82
2025-06-05,91.75
2025-06-06,90.67
2025-06-09,91.7
2025-06-10,94.17
2025-06-11,92.48
2025-06-12,93.04
2025-06-13,90.31
2025-06-16,90.25
2025-06-17,87.71
2025-06-18,87.74
2025-06-20,89.64
2025-06-23,92.52
2025-06-24,93.24
2025-06-25,91.83
2025-06-26,92.26
2025-06-27,93.2
2025-06-30,93.17
2025-07-01,97.13
2025-07-02,98.07
2025-07-03,96.36
2025-07-07,95.1
2025-07-08,95.76
2025-07-09,99.21
2025-07-10,100.23
2025-07-11,98.75
2025-07-14,98.02
2025-07-15,94.18
2025-07-16,95.03
2025-07-17,95.69
2025-07-18,95.08
2025-07-21,94.81
2025-07-22,102.28
2025-07-23,102.04
2025-07-24,99.76
2025-07-25,100.43
2025-07-28,100.67
2025-07-29,100.67
2025-07-30,98.17
2025-07-31,97.41
2025-08-01,100.01
2025-08-04,102.04
2025-08-05,103.59
2025-08-06,102.97
2025-08-07,103.31
2025-08-08,103.86
2025-08-11,103.18
2025-08-12,106.46
2025-08-13,111.2
2025-08-14,109.48
2025-08-15,109.62
2025-08-18,109.09
2025-08-19,111.07
2025-08-20,108.11
2025-08-21,107.28
2025-08-22,112.92
2025-08-25,111.53
2025-08-26,110.88
2025-08-27,110.78
2025-08-28,110.7
2025-08-29,110.7
2025-09-02,110.18
2025-09-03,110.85
2025-09-04,114.17
2025-09-05,116.7
2025-09-08,117.14
2025-09-09,113.42
2025-09-10,112.8
2025-09-11,115.91
2025-09-12,113.68
2025-09-15,112.16
2025-09-16,111.6
2025-09-17,110.41
2025-09-18,110.69
2025-09-19,108.83
2025-09-22,106.67
2025-09-23,107.03
2025-09-24,107.13
2025-09-25,105.5
2025-09-26,106.93
2025-09-29,107.55
2025-09-30,107.25
2025-10-01,108.13
2025-10-02,108.26
2025-10-03,109.24
2025-10-06,107.0
2025-10-07,103.74
2025-10-08,103.79
2025-10-09,101.09
2025-10-10,99.84
2025-10-13,100.24
2025-10-14,103.39
2025-10-15,103.36
2025-10-16,102.78
2025-10-17,103.5
2025-10-20,103.88
2025-10-21,105.7
2025-10-22,103.82
2025-10-23,104.44
2025-10-24,103.97
2025-10-27,104.16
2025-10-28,103.75
2025-10-29,100.67
2025-10-30,100.24
2025-10-31,100.42
2025-11-03,98.7
2025-11-04,98.84
2025-11-05,98.29
2025-11-06,97.79
2025-11-07,98.68
2025-11-10,98.84
2025-11-11,99.73
2025-11-12,99.43
2025-11-13,97.79
2025-11-14,97.11
2025-11-17,94.09
2025-11-18,93.81
2025-11-19,93.82
2025-11-20,93.78
2025-11-21,98.46
2025-11-24,97.95
2025-11-25,102.59
2025-11-26,103.89
2025-11-28,103.91
2025-12-01,103.64
2025-12-02,103.46
2025-12-03,105.59
2025-12-04,103.34
2025-12-05,102.71
2025-12-08,100.59
2025-12-09,99.01
2025-12-10,102.17
2025-12-11,102.82
2025-12-12,102.53
2025-12-15,102.29
2025-12-16,101.04
2025-12-17,99.87
2025-12-18,99.89
2025-12-19,98.18
2025-12-22,97.78
2025-12-23,97.1
2025-12-24,98.06
2025-12-26,98.05
2025-12-29,97.61
2025-12-30,97.29
2025-12-31,96.3
2026-01-02,97.49
2026-01-05,98.27
2026-01-06,98.98
2026-01-07,96.59
2026-01-08,100.67
2026-01-09,106.99
2026-01-12,107.89
2026-01-13,108.93
2026-01-14,107.96
2026-01-15,109.41
2026-01-16,107.92
2026-01-20,105.51
2026-01-21,108.19
2026-01-22,107.04
2026-01-23,105.19
2026-01-26,104.57
2026-01-27,103.29
2026-01-28,103.18
2026-01-29,103.48
2026-01-30,102.03
2026-02-02,102.68
2026-02-03,105.09
2026-02-04,108.74
2026-02-05,108.19
2026-02-06,109.24
2026-02-09,108.42
2026-02-10,112.47
2026-02-11,112.8
2026-02-12,112.4
2026-02-13,113.57
2026-02-17,112.4
2026-02-18,112.1
2026-02-19,110.3
2026-02-20,110.91
2026-02-23,109.59
2026-02-24,110.15
2026-02-25,106.43
2026-02-26,107.24
2026-02-27,107.52
2026-03-02,104.96
2026-03-03,103.69
2026-03-04,103.17
2026-03-05,100.58
2026-03-06,98.43
2026-03-09,97.85
2026-03-10,96.85
2026-03-11,95.36
2026-03-12,92.64
2026-03-13,93.08
2026-03-16,94.28
2026-03-17,94.23
2026-03-18,91.36
2026-03-19,90.64
2026-03-20,88.27
2026-03-23,91.37
2026-03-24,91.2
2026-03-25,91.82
2026-03-26,90.33
2026-03-27,88.91
2026-03-30,88.08
2026-03-31,90.55
2026-04-01,91.02
2026-04-02,90.25
2026-04-06,91.38
2026-04-07,88.85
2026-04-08,93.48
2026-04-09,94.65
2026-04-10,94.27
2026-04-13,95.26
2026-04-14,95.6
2026-04-15,93.94
2026-04-16,93.61
2026-04-17,97.9
2026-04-20,100.01
2026-04-21,100.16
2026-04-22,99.77
2026-04-23,100.83
2026-04-24,99.5
2026-04-27,99.36
2026-04-28,97.92
2026-04-29,95.11
2026-04-30,96.36
2026-05-01,94.84
2026-05-04,91.28
2026-05-05,92.81
2026-05-06,95.32
2026-05-07,92.93
2026-05-08,93.0
2026-05-11,91.49
2026-05-12,90.35
2026-05-13,88.97
2026-05-14,89.44
2026-05-15,86.45
2026-05-18,87.51
2026-05-19,86.23
2026-05-20,90.14
2026-05-21,90.82
2026-05-22,90.97
2026-05-26,92.09
2026-05-27,93.57
2026-05-28,93.18
2026-05-29,93.06
2026-06-01,93.02
2026-06-02,93.25
2026-06-03,92.46
2026-06-04,93.38
2026-06-05,92.9
2026-06-08,92.55
2026-06-09,96.27
2026-06-10,93.59
2026-06-11,97.74
2026-06-12,96.95
2026-06-15,97.09
2026-06-16,98.26
2026-06-17,95.79
2026-06-18,99.25
2026-06-22,97.34
2026-06-23,97.33
2026-06-24,103.32
2026-06-25,104.25
2026-06-26,104.9
2026-06-29,103.97
2026-06-30,104.48
2026-07-01,102.14
2026-07-02,102.9
2026-07-06,101.31
2026-07-07,99.87
2026-07-08,95.91
2026-07-09,96.89
2026-07-10,97.76
2026-07-13,96.3
2026-07-14,97.13
2026-07-15,97.94
2026-07-16,100.19
2026-07-17,97.33
2026-07-20,95.41
2026-07-21,94.93
2026-07-22,95.44
2026-07-23,94.54
